TIME,take TIME (seconds)
read results/20250101_010135_scanAz_slow.txt,0.0204
20250101T010136.531267,0.5473
20250101T010137.592410,0.5088
20250101T010138.552774,0.6005
20250101T010139.513093,0.5483
20250101T010140.473619,0.5200
20250101T010141.434115,0.5733
20250101T010142.394270,0.6022
20250101T010143.355159,0.6370
20250101T010144.311045,1.0230
20250101T010145.272953,0.8430
20250101T010146.233995,0.7509
20250101T010147.191706,0.7065
20250101T010148.153605,0.7623
20250101T010149.114722,0.7491
20250101T010150.069942,0.7017
20250101T010151.031321,0.6779
20250101T010151.993550,0.7162
20250101T010152.954881,0.7024
20250101T010153.910534,0.6503
20250101T010154.871799,0.8142
20250101T010155.833775,0.8270
20250101T010156.795119,0.7647
20250101T010157.750924,0.7869
20250101T010158.712901,0.7659
20250101T010159.674230,0.8057
20250101T010200.630207,0.7171
20250101T010201.592454,0.6191
20250101T010202.554090,0.7226
20250101T010203.515500,0.7089
20250101T010204.471423,0.7033
20250101T010205.432987,0.7005
20250101T010206.395233,0.7414
20250101T010207.351154,0.8032
20250101T010208.313109,0.5978
20250101T010209.274217,0.7002
20250101T010210.231038,0.7163
20250101T010211.193352,0.6292
20250101T010212.154726,0.5799
20250101T010213.110242,0.7353
20250101T010214.072396,0.6468
20250101T010215.033765,0.6777
20250101T010215.995151,0.6083
20250101T010216.950721,0.6924
20250101T010217.913259,0.7801
20250101T010218.874303,0.6108
20250101T010219.835348,0.7313
20250101T010220.791093,0.6310
20250101T010221.753382,0.5952
20250101T010222.710251,0.5786
20250101T010223.673616,0.6701
20250101T010224.634964,0.6498
20250101T010225.590580,0.6789
20250101T010226.552256,0.6167
20250101T010227.513688,0.6065
20250101T010228.475021,0.5833
20250101T010229.431184,0.5949
20250101T010230.392596,0.6817
20250101T010231.354359,0.6603
20250101T010232.315722,0.6137
20250101T010233.271623,0.6270
20250101T010234.232678,0.6152
20250101T010235.194370,0.5987
20250101T010236.155471,0.6167
20250101T010237.111976,0.6676
20250101T010238.073702,0.6691
20250101T010239.035668,0.6346
20250101T010239.992890,0.6196
20250101T010240.954984,0.6353
20250101T010241.911918,0.6097
20250101T010242.874376,0.6149
20250101T010243.836234,0.6115
20250101T010244.793670,0.6300
20250101T010245.750110,0.6112
20250101T010246.713007,0.6297
20250101T010247.675208,0.6300
20250101T010248.632306,0.6030
20250101T010249.594552,0.6455
20250101T010250.551404,0.6178
20250101T010251.513550,0.6447
20250101T010252.475458,0.6725
20250101T010253.432516,0.6001
20250101T010254.394755,0.6049
20250101T010255.350890,0.6590
20250101T010256.315211,0.6379
20250101T010257.272911,0.6498
20250101T010258.235117,0.6369
20250101T010259.191595,0.6442
20250101T010300.154385,0.6795
20250101T010301.111431,0.6025
20250101T010302.075113,0.6819
20250101T010303.032421,0.6797
20250101T010303.994557,0.5980
20250101T010304.956383,0.6131
20250101T010305.913357,0.6489
20250101T010306.875882,0.6201
20250101T010307.832632,0.6246
20250101T010308.791605,0.6102
20250101T010309.755870,0.6437
20250101T010310.712591,0.6917
20250101T010311.674838,0.6237
20250101T010312.631849,0.6617
20250101T010313.594345,0.6643
20250101T010314.556250,0.6167
20250101T010315.513300,0.6259
20250101T010316.476425,0.5963
20250101T010317.434014,0.7425
20250101T010318.395879,0.6274
20250101T010319.352459,0.6743
20250101T010320.314652,0.6353
20250101T010321.276470,0.6397
20250101T010322.233333,0.6792
20250101T010323.195186,0.6555
20250101T010324.151309,0.6946
20250101T010325.113605,0.6390
20250101T010326.076374,0.6051
20250101T010327.032985,0.6711
20250101T010327.995396,0.6296
20250101T010328.951490,0.6098
20250101T010329.914766,0.6477
20250101T010330.876610,0.6422
20250101T010331.834488,0.6515
20250101T010332.796293,0.6510
20250101T010333.752922,0.6239
20250101T010334.714996,0.6394
20250101T010335.676742,0.7843
20250101T010336.633725,0.6202
20250101T010337.595512,0.6527
20250101T010338.553587,0.6271
20250101T010339.515718,0.6837
20250101T010340.472276,0.6368
20250101T010341.434707,0.6625
20250101T010342.396555,0.6103
20250101T010343.354669,0.6587
20250101T010344.316411,0.7191
20250101T010345.273036,0.7235
20250101T010346.235392,0.7106
20250101T010347.191917,0.8218
20250101T010348.154508,0.7808
20250101T010349.116272,0.6510
20250101T010350.072203,0.7855
20250101T010351.034505,0.7561
20250101T010351.996520,0.6542
20250101T010352.951983,0.6384
20250101T010353.914280,0.8278
20250101T010354.875826,0.8543
20250101T010355.836006,0.6721
20250101T010356.791965,0.5356
20250101T010357.754646,0.6709
20250101T010358.715861,0.7898
20250101T010359.672392,0.8199
20250101T010400.634475,0.7554
20250101T010401.595982,0.9532
20250101T010402.552622,0.8755
20250101T010403.513775,0.6645
20250101T010404.475352,0.6649
20250101T010405.436441,0.6786
20250101T010406.392731,0.6884
20250101T010407.356044,0.6227
20250101T010408.317477,0.6969
20250101T010409.273194,0.8071
20250101T010410.234730,0.6954
20250101T010411.197049,0.6601
20250101T010412.153673,0.8099
20250101T010413.115214,0.7373
20250101T010414.076366,0.6450
20250101T010415.033254,0.6200
20250101T010415.994649,0.8059
20250101T010416.956072,0.7521
20250101T010417.912091,0.7606
20250101T010418.873224,0.8853
20250101T010419.835322,0.9071
20250101T010420.796514,0.7972
20250101T010421.752192,0.6337
20250101T010422.714208,0.9202
20250101T010423.675969,0.7508
20250101T010424.637495,0.6512
20250101T010425.593527,0.5777
20250101T010426.555212,0.6152
20250101T010427.516718,0.6501
20250101T010428.472985,0.6158
20250101T010429.435039,0.5909
20250101T010430.396233,0.7002
20250101T010431.351853,0.8032
20250101T010432.313323,0.6810
20250101T010433.275195,0.6006
20250101T010434.236274,0.6460
20250101T010435.197365,0.6136
20250101T010436.153370,0.6367
20250101T010437.115203,0.6268
20250101T010438.076709,0.6502
20250101T010439.032480,0.6314
20250101T010439.995459,0.6191
20250101T010440.952438,0.6295
20250101T010441.917298,0.6338
20250101T010442.873443,0.6113
20250101T010443.834674,0.6588
20250101T010444.796140,0.6677
20250101T010445.757408,0.6399
20250101T010446.714574,0.6429
20250101T010447.676471,0.6118
20250101T010448.634304,0.6350
20250101T010449.595865,0.5958
20250101T010450.557354,0.6320
20250101T010451.512836,0.6521
20250101T010452.475313,0.6342
20250101T010453.436571,0.6745
20250101T010454.398066,0.6217
20250101T010455.353697,0.6288
20250101T010456.315396,0.6113
20250101T010457.276497,0.6140
20250101T010458.232890,0.6365
20250101T010459.194551,0.6313
20250101T010500.156121,0.6788
20250101T010501.117347,0.6855
20250101T010502.072878,0.6231
20250101T010503.035596,0.6137
20250101T010503.996762,0.6072
20250101T010504.953338,0.6618
20250101T010505.915546,0.6362
20250101T010506.876973,0.6791
20250101T010507.832438,0.6079
20250101T010508.793916,0.5929
20250101T010509.755760,0.6335
20250101T010510.717271,0.6114
20250101T010511.673005,0.6594
20250101T010512.634804,0.6618
20250101T010513.596344,0.6239
20250101T010514.557895,0.5949
20250101T010515.513631,0.6343
20250101T010516.475970,0.6705
20250101T010517.437465,0.6380
20250101T010518.393832,0.6235
20250101T010519.356279,0.6099
20250101T010520.317523,0.6500
20250101T010521.273047,0.6188
20250101T010522.234847,0.6542
20250101T010523.196108,0.6532
20250101T010524.157651,0.6257
20250101T010525.113129,0.5711
20250101T010526.074935,0.6353
20250101T010527.037070,0.6168
20250101T010527.994862,0.6465
20250101T010528.957855,0.5962
20250101T010529.913337,0.6421
20250101T010530.876061,0.6283
20250101T010531.837835,0.6237
20250101T010532.793933,0.6349
20250101T010533.756943,0.6597
20250101T010534.718076,0.5954
20250101T010535.673517,0.6034
20250101T010536.635648,0.5830
20250101T010537.598043,0.6173
20250101T010538.553774,0.6504
20250101T010539.515833,0.6292
20250101T010540.477043,0.6222
20250101T010541.433113,0.6253
20250101T010542.394360,0.6121
20250101T010543.356497,0.5969
20250101T010544.317669,0.6415
20250101T010545.273815,0.6420
20250101T010546.236390,0.6401
20250101T010547.197907,0.6362
20250101T010548.154523,0.5951
20250101T010549.116907,0.6440
20250101T010550.078359,0.6177
20250101T010551.034256,0.6492
20250101T010551.995688,0.6203
20250101T010552.957461,0.6519
20250101T010553.918693,0.6520
20250101T010554.874597,0.6539
20250101T010555.841840,0.6002
20250101T010556.797409,0.6537
20250101T010557.758673,0.6082
20250101T010558.715200,0.6047
20250101T010559.677007,0.5903
20250101T010600.639161,0.6086
20250101T010601.595749,0.6265
20250101T010602.557506,0.6313
20250101T010603.518633,0.6342
20250101T010604.474656,0.6362
20250101T010605.436700,0.6535
20250101T010606.403730,0.6866
20250101T010607.353937,0.5888
20250101T010608.316709,0.6969
20250101T010609.278051,0.6925
20250101T010610.236604,0.6659
20250101T010611.197902,0.6200
20250101T010612.153786,0.6071
20250101T010613.117181,0.6118
20250101T010614.074864,0.6403
20250101T010615.037865,0.6467
20250101T010615.994895,0.6652
20250101T010616.957064,0.6168
20250101T010617.918996,0.6481
20250101T010618.875685,0.6108
20250101T010619.836925,0.6016
20250101T010620.798197,0.6118
20250101T010621.753944,0.6864
20250101T010622.715750,0.6661
20250101T010623.677892,0.6443
20250101T010624.639155,0.6104
20250101T010625.594934,0.6497
20250101T010626.557373,0.6242
20250101T010627.518954,0.6209
20250101T010628.476824,0.6523
20250101T010629.438069,0.6272
20250101T010630.394080,0.6374
20250101T010631.357420,0.7363
20250101T010632.319217,0.6550
20250101T010633.274969,0.6353
20250101T010634.237924,0.6097
20250101T010635.194057,0.6388
20250101T010636.157103,0.6377
20250101T010637.118383,0.6670
20250101T010638.075036,0.6115
20250101T010639.036932,0.6235
20250101T010639.998252,0.6146
20250101T010640.955151,0.6088
20250101T010641.916964,0.6295
20250101T010642.878734,0.6571
20250101T010643.834092,0.6707
20250101T010644.797041,0.6038
20250101T010645.758855,0.5978
20250101T010646.714977,0.6703
20250101T010647.677421,0.6300
20250101T010648.634111,0.6591
20250101T010649.595873,0.6245
20250101T010650.557396,0.6199
20250101T010651.518617,0.7066
20250101T010652.474382,0.6855
20250101T010653.436189,0.6229
20250101T010654.397462,0.5866
20250101T010655.359248,0.6507
20250101T010656.315664,0.6883
20250101T010657.278718,0.6585
20250101T010658.235096,0.6200
20250101T010659.196238,0.6079
20250101T010700.159410,0.6081
20250101T010701.117713,0.5767
20250101T010702.079186,0.6014
20250101T010703.035177,0.5875
20250101T010703.996984,0.6530
20250101T010704.958808,0.6252
20250101T010705.915145,0.6143
20250101T010706.877213,0.6451
20250101T010707.839674,0.6142
20250101T010708.795788,0.6022
20250101T010709.757886,0.6242
20250101T010710.719117,0.6144
20250101T010711.675987,0.6168
20250101T010712.637523,0.5927
20250101T010713.599062,0.6309
20250101T010714.554535,0.6487
20250101T010715.517549,0.6518
20250101T010716.479693,0.5893
20250101T010717.436584,0.6630
20250101T010718.399643,0.6846
20250101T010719.355024,0.6556
20250101T010720.317433,0.6434
20250101T010721.279023,0.6313
20250101T010722.235667,0.6164
20250101T010723.198038,0.6069
20250101T010724.154447,0.6612
20250101T010725.116498,0.6673
20250101T010726.078272,0.7178
20250101T010727.039583,0.6762
20250101T010727.995833,0.6461
20250101T010728.957893,0.6103
20250101T010729.919137,0.5953
20250101T010730.874891,0.6695
20250101T010731.836697,0.6585
20250101T010732.798998,0.6529
20250101T010733.755760,0.5949
20250101T010734.716761,0.7076
20250101T010735.679040,0.7421
20250101T010736.640242,0.6984
20250101T010737.596085,0.5914
20250101T010738.558415,0.9454
20250101T010739.519552,0.8248
20250101T010740.475347,0.7059
20250101T010741.437766,0.8183
20250101T010742.398886,0.7759
20250101T010743.360246,0.7462
20250101T010744.316182,0.7012
20250101T010745.278340,0.9029
20250101T010746.235584,0.8235
20250101T010747.199446,0.8365
20250101T010748.155105,0.7304
20250101T010749.118524,1.0090
20250101T010750.079711,0.8223
20250101T010751.036646,0.8162
20250101T010751.998151,0.6998
20250101T010752.960049,0.8641
20250101T010753.917361,0.7344
20250101T010754.879460,0.6828
20250101T010755.835148,0.7381
20250101T010756.796436,0.6805
20250101T010757.758304,0.7388
20250101T010758.719524,0.7578
20250101T010759.676179,0.9270
20250101T010800.637973,0.8152
20250101T010801.599779,0.7333
20250101T010802.556352,0.8902
20250101T010803.519702,1.0712
20250101T010804.476235,1.2782
20250101T010805.438450,1.0439
20250101T010806.399674,0.9911
20250101T010807.355708,0.8389
20250101T010808.318746,0.7256
20250101T010809.280040,0.6206
20250101T010810.236418,0.6207
20250101T010811.197695,0.5909
20250101T010812.159606,0.6862
20250101T010813.115595,0.6449
20250101T010814.077940,0.6635
20250101T010815.039213,0.6370
20250101T010816.000989,0.6177
20250101T010816.958132,0.6305
20250101T010817.919715,0.6211
20250101T010818.875495,0.6072
20250101T010819.838144,0.6349
20250101T010820.800095,0.6376
20250101T010821.756746,0.6794
20250101T010822.718903,0.7575
20250101T010823.680809,0.7309
20250101T010824.637547,0.9365
20250101T010825.599519,0.7161
20250101T010826.558669,0.7050
20250101T010827.520451,0.6942
20250101T010828.477733,0.8855
20250101T010829.439878,1.2083
20250101T010830.396526,0.8693
20250101T010831.359606,0.8334
20250101T010832.315706,0.9187
20250101T010833.275301,0.7064
20250101T010834.238613,0.6338
20250101T010835.200427,0.7187
20250101T010836.156782,0.6699
20250101T010837.118618,0.6425
20250101T010838.080478,0.5836
20250101T010839.036509,0.6535
20250101T010839.999240,0.6238
20250101T010840.955336,0.6367
20250101T010841.917716,0.6196
20250101T010842.880096,0.5981
20250101T010843.836381,0.6272
20250101T010844.798576,0.8314
20250101T010845.761350,0.7935
20250101T010846.718948,0.6363
20250101T010847.680751,0.6345
20250101T010848.638924,0.5686
20250101T010849.600722,1.0630
20250101T010850.557379,1.0243
20250101T010851.519229,0.9054
20250101T010852.480997,1.2207
20250101T010853.437719,1.1904
20250101T010854.400177,0.9964
20250101T010855.356590,1.1089
20250101T010856.320001,1.3186
20250101T010857.277280,0.8781
20250101T010858.240109,0.9981
20250101T010859.197326,1.1947
20250101T010900.159847,1.0727
20250101T010901.116769,0.9767
20250101T010902.079590,0.7285
20250101T010903.041348,0.5914
20250101T010903.999215,0.9224
20250101T010904.961317,0.7354
20250101T010905.917662,0.8792
20250101T010906.879872,0.8190
20250101T010907.837413,0.6365
20250101T010908.799923,0.6062
20250101T010909.756611,0.6415
20250101T010910.718705,0.8169
20250101T010911.680819,0.7745
20250101T010912.636859,0.8348
20250101T010913.599960,0.9183
20250101T010914.556031,1.4254
20250101T010915.519452,1.1968
20250101T010916.475759,0.7480
20250101T010917.437586,0.8051
20250101T010918.399572,1.0301
20250101T010919.359135,0.9588
20250101T010920.321039,0.8239
20250101T010921.277684,1.6125
20250101T010922.239849,1.3626
20250101T010923.196243,1.5047
20250101T010924.159682,1.2691
20250101T010925.121545,1.8888
20250101T010926.077948,1.3974
20250101T010927.039805,1.3274
20250101T010928.001643,0.6693
20250101T010928.959606,0.5639
20250101T010929.921418,0.6218
20250101T010930.878651,0.7386
20250101T010931.840502,1.0237
20250101T010932.797123,1.0359
20250101T010933.759544,0.7527
20250101T010934.715903,0.8991
20250101T010935.678048,0.6658
20250101T010936.640184,0.6386
20250101T010937.596280,1.1273
20250101T010938.559894,0.8358
20250101T010939.516267,0.7887
20250101T010940.479630,0.7463
20250101T010941.441479,0.7086
20250101T010942.397820,0.6658
20250101T010943.360358,0.6303
20250101T010944.317993,0.7222
20250101T010945.280215,0.7241
20250101T010946.242092,0.7262
20250101T010947.199449,0.8648
20250101T010948.161569,0.7898
20250101T010949.117921,0.6359
20250101T010950.080398,0.6524
20250101T010951.042199,0.6562
20250101T010951.998610,0.8108
20250101T010952.961305,1.9149
20250101T010953.919192,0.9789
20250101T010954.881270,0.7536
20250101T010955.837247,0.7238
20250101T010956.799689,0.7358
20250101T010957.761549,0.6657
20250101T010958.718156,0.6221
20250101T010959.680971,0.6712
20250101T011000.637293,0.7105
20250101T011001.600041,0.8202
20250101T011002.558575,0.9834
20250101T011003.521658,0.7285
20250101T011004.481102,0.6131
20250101T011005.437360,0.6037
20250101T011006.400772,0.6134
20250101T011007.358044,0.6853
20250101T011008.321049,0.6370
20250101T011009.280138,0.6207
20250101T011010.241907,0.6367
20250101T011011.199734,0.6087
20250101T011012.161306,0.5967
20250101T011013.120049,0.6919
20250101T011014.081932,0.6399
20250101T011015.040072,0.6354
20250101T011016.001871,0.6598
20250101T011016.958207,0.6157
20250101T011017.920297,0.6262
20250101T011018.882074,0.8062
20250101T011019.839941,0.7617
20250101T011020.802024,0.6537
20250101T011021.759041,0.7108
20250101T011022.721122,0.7350
20250101T011023.677187,0.6399
20250101T011024.639455,0.6387
20250101T011025.601209,0.6282
20250101T011026.557571,0.6248
20250101T011027.520316,1.0036
20250101T011028.484059,0.8782
20250101T011029.439099,0.8923
20250101T011030.400961,1.1118
20250101T011031.362780,0.8257
20250101T011032.319464,0.8948
20250101T011033.281193,0.6302
20250101T011034.237526,0.6103
20250101T011035.200554,0.8781
20250101T011036.162681,0.6683
20250101T011037.119292,0.6555
20250101T011038.081699,0.6329
20250101T011039.039592,0.6641
20250101T011040.001332,0.6551
20250101T011040.957758,0.7242
20250101T011041.921064,0.6859
20250101T011042.882944,0.8981
20250101T011043.840220,0.7608
20250101T011044.802136,0.8373
20250101T011045.758840,0.9589
20250101T011046.721329,0.8081
20250101T011047.677413,0.6538
20250101T011048.639626,0.7270
20250101T011049.601724,0.6292
20250101T011050.559736,0.6127
20250101T011051.523013,0.6024
20250101T011052.479720,0.6586
20250101T011053.441495,0.6310
20250101T011054.398142,0.6779
20250101T011055.361170,0.7015
20250101T011056.318439,0.7058
20250101T011057.280881,0.6038
20250101T011058.242780,0.6354
20250101T011059.200891,0.6638
20250101T011100.162777,0.7203
20250101T011101.120991,0.6381
20250101T011102.079860,0.7308
20250101T011103.041742,0.7159
20250101T011104.001490,0.7396
20250101T011104.957560,0.6046
20250101T011105.920906,0.7336
20250101T011106.882732,0.6426
20250101T011107.839459,0.6233
20250101T011108.801616,0.5713
20250101T011109.758318,0.6261
20250101T011110.721126,0.6402
20250101T011111.683081,0.6901
20250101T011112.639150,0.7084
20250101T011113.601654,0.7186
20250101T011114.557784,0.6914
20250101T011115.520942,0.6297
20250101T011116.483143,0.7101
20250101T011117.439916,0.6677
20250101T011118.402430,0.6261
20250101T011119.359505,0.6731
20250101T011120.322021,0.9111
20250101T011121.278114,0.8049
20250101T011122.240877,0.6657
20250101T011123.202842,0.6970
20250101T011124.161143,0.6956
20250101T011125.123071,0.7587
20250101T011126.079895,0.7123
20250101T011127.041753,0.8558
20250101T011127.998204,0.7536
20250101T011128.961313,0.6298
20250101T011129.923155,0.7587
20250101T011130.881008,0.7352
20250101T011131.842833,0.6318
20250101T011132.801055,0.6032
20250101T011133.762922,0.6020
20250101T011134.720197,0.6665
20250101T011135.683294,0.6474
20250101T011136.640246,0.6100
20250101T011137.603223,0.6757
20250101T011138.561115,0.6568
20250101T011139.522958,0.6487
20250101T011140.481158,0.6612
20250101T011141.438147,0.6110
20250101T011142.401287,0.6074
20250101T011143.363549,0.6155
20250101T011144.320505,0.6460
20250101T011145.282624,0.6701
20250101T011146.239685,0.6233
20250101T011147.201751,0.6060
20250101T011148.163663,0.6313
20250101T011149.121149,0.6200
20250101T011150.083026,0.6324
20250101T011151.039968,0.6449
20250101T011152.002153,0.6352
20250101T011152.958850,0.6573
20250101T011153.921829,0.6440
20250101T011154.878724,0.6038
20250101T011155.842377,0.6387
20250101T011156.800223,0.6216
20250101T011157.763522,0.6138
20250101T011158.720654,0.6347
20250101T011159.678530,0.6298
20250101T011200.641891,0.6355
20250101T011201.598803,0.6755
20250101T011202.562132,0.6476
20250101T011203.520908,0.6430
20250101T011204.483669,0.7189
20250101T011205.441527,0.7290
20250101T011206.398458,0.7034
20250101T011207.362318,0.6930
20250101T011208.319301,0.6811
20250101T011209.282151,0.7116
20250101T011210.239618,0.6500
20250101T011211.202429,0.9064
20250101T011212.161725,0.7439
20250101T011213.118626,0.6665
20250101T011214.082437,0.6170
20250101T011215.039233,0.5732
20250101T011216.002520,0.6826
20250101T011216.961801,0.6542
20250101T011217.924421,0.6348
20250101T011218.882563,0.5839
20250101T011219.839760,0.6601
20250101T011220.802963,0.6395
20250101T011221.761877,0.6486
20250101T011222.718754,0.6267
20250101T011223.683588,0.6261
20250101T011224.641947,0.6145
20250101T011225.598837,0.6040
20250101T011226.562673,0.5954
20250101T011227.521420,0.6674
20250101T011228.484139,0.6423
20250101T011229.441857,0.6441
20250101T011230.404471,0.6828
20250101T011231.362530,0.6640
20250101T011232.319444,0.6436
20250101T011233.282358,0.6369
20250101T011234.239212,0.6153
20250101T011235.202153,0.6228
20250101T011236.159237,0.6027
20250101T011237.122185,0.6117
20250101T011238.079007,0.6808
20250101T011239.042629,0.6396
20250101T011240.000712,0.6660
20250101T011240.963995,0.6421
20250101T011241.920885,0.6463
20250101T011242.883788,0.6232
20250101T011243.841513,0.6257
20250101T011244.804464,0.6190
20250101T011245.762264,0.6190
20250101T011246.722285,0.6598
20250101T011247.679162,0.7260
20250101T011248.642489,0.7414
20250101T011249.599374,0.7794
20250101T011250.563210,0.6210
20250101T011251.520436,0.7314
20250101T011252.483774,0.6431
20250101T011253.440946,0.6534
20250101T011254.404182,0.6645
20250101T011255.362642,0.7229
20250101T011256.319804,0.6315
20250101T011257.282795,0.6242
20250101T011258.241427,0.6313
20250101T011259.204488,0.6421
20250101T011300.162472,0.6236
20250101T011301.119428,0.6367
20250101T011302.082951,0.6184
20250101T011303.042638,0.6138
20250101T011304.000989,0.6604
20250101T011304.964358,0.6084
20250101T011305.921832,0.7109
20250101T011306.884600,0.8484
20250101T011307.842628,0.7595
20250101T011308.799655,0.7065
20250101T011309.760647,0.6992
20250101T011310.723452,0.6878
20250101T011311.680555,0.5891
20250101T011312.643578,1.0091
20250101T011313.600652,0.8037
20250101T011314.564333,0.6959
20250101T011315.522643,0.8013
20250101T011316.479575,0.6687
20250101T011317.442887,0.7634
20250101T011318.399722,0.7902
20250101T011319.362732,0.8682
20250101T011320.319627,0.6842
20250101T011321.283142,0.8906
20250101T011322.240112,1.2553
20250101T011323.203066,0.6976
20250101T011324.159911,0.7023
20250101T011325.123129,0.6800
20250101T011326.080637,0.8379
20250101T011327.043702,0.6649
20250101T011328.001494,0.6134
20250101T011328.964433,0.5893
20250101T011329.922812,0.6563
20250101T011330.879915,0.6815
20250101T011331.843137,0.6288
20250101T011332.800023,0.6133
20250101T011333.763594,0.6247
20250101T011334.721117,0.6398
20250101T011335.684142,0.6219
20250101T011336.643216,0.6213
20250101T011337.600132,0.6348
20250101T011338.563985,0.5976
20250101T011339.520899,0.6114
20250101T011340.483868,0.6283
20250101T011341.441072,0.6574
20250101T011342.404109,0.7047
20250101T011343.363144,0.6810
20250101T011344.321301,0.8033
20250101T011345.284542,0.7318
20250101T011346.242677,0.6682
20250101T011347.205417,0.7970
20250101T011348.163192,0.8361
20250101T011349.120091,0.7805
20250101T011350.083462,0.7233
20250101T011351.040972,0.9051
20250101T011352.004166,0.7780
20250101T011352.963205,0.8052
20250101T011353.920206,0.8209
20250101T011354.883098,0.8929
20250101T011355.840078,0.7063
20250101T011356.804766,0.6304
20250101T011357.761968,0.5892
20250101T011358.724650,0.8886
20250101T011359.683378,0.6836
20250101T011400.640203,0.6591
20250101T011401.603165,0.6922
20250101T011402.565759,1.0135
20250101T011403.522690,0.8945
20250101T011404.485472,1.4520
20250101T011405.442738,1.5518
20250101T011406.405753,1.8696
20250101T011407.363578,0.9262
20250101T011408.320422,1.3789
20250101T011409.283741,2.2435
20250101T011410.240661,1.1557
20250101T011411.204251,1.3834
20250101T011412.161511,1.4179
20250101T011413.124832,1.7353
20250101T011414.082702,1.3286
20250101T011415.045499,1.5363
20250101T011416.003415,0.7389
20250101T011416.960228,0.6364
20250101T011417.924363,0.6166
20250101T011418.882750,0.6433
20250101T011419.840516,0.6329
20250101T011420.803581,0.6878
20250101T011421.760411,0.7636
20250101T011422.724623,0.6490
20250101T011423.683087,1.0169
20250101T011424.645817,0.9034
20250101T011425.603372,0.7585
20250101T011426.565982,0.7448
20250101T011427.523188,0.7504
20250101T011428.486044,0.7434
20250101T011429.443607,0.6640
20250101T011430.406298,0.6725
20250101T011431.363757,0.6395
20250101T011432.320563,0.6286
20250101T011433.283850,0.6539
20250101T011434.240737,0.6505
20250101T011435.204582,0.6409
20250101T011436.163845,0.6579
20250101T011437.120782,0.6556
20250101T011438.083858,0.6316
20250101T011439.040838,0.6381
20250101T011440.004107,0.6233
20250101T011440.961021,0.6607
20250101T011441.921990,0.6783
20250101T011442.886163,0.6378
20250101T011443.843752,0.7611
20250101T011444.800652,0.9666
20250101T011445.764239,0.8016
20250101T011446.723866,0.8719
20250101T011447.680761,0.8707
20250101T011448.644267,0.8694
20250101T011449.601090,1.0023
20250101T011450.564038,1.0403
20250101T011451.520884,1.2978
20250101T011452.483792,1.0011
20250101T011453.441499,0.7907
20250101T011454.404088,0.7463
20250101T011455.363945,0.6960
20250101T011456.327207,0.9474
20250101T011457.284040,0.9864
20250101T011458.240786,0.6606
20250101T011459.204368,1.0310
20250101T011500.161296,1.1050
20250101T011501.125103,0.8144
20250101T011502.084152,0.8767
20250101T011503.040987,0.8091
20250101T011504.004276,0.6736
20250101T011504.962058,0.6633
20250101T011505.925094,0.6547
20250101T011506.882281,0.6639
20250101T011507.844936,0.6622
20250101T011508.802151,0.6416
20250101T011509.766711,0.7107
20250101T011510.725108,0.6905
20250101T011511.682321,0.6391
20250101T011512.644960,0.6368
20250101T011513.602161,1.0921
20250101T011514.565498,0.8130
20250101T011515.524863,0.7263
20250101T011516.484475,0.7007
20250101T011517.441440,0.7037
20250101T011518.404811,0.6953
20250101T011519.361661,0.6703
20250101T011520.324632,0.6103
20250101T011521.282142,0.6361
20250101T011522.245091,0.6493
20250101T011523.202292,0.6179
20250101T011524.165670,0.6203
20250101T011525.123185,0.6144
20250101T011526.085890,0.6423
20250101T011527.045158,0.6175
20250101T011528.006376,0.6303
20250101T011528.965255,0.6404
20250101T011529.922765,0.6262
20250101T011530.885758,0.6178
20250101T011531.844450,0.6617
20250101T011532.801317,0.6412
20250101T011533.764905,0.6963
20250101T011534.724822,0.6393
20250101T011535.681778,0.6244
20250101T011536.644743,0.6370
20250101T011537.601665,0.6508
20250101T011538.565238,0.6291
20250101T011539.522751,0.6375
20250101T011540.485501,0.6182
20250101T011541.444277,0.6319
20250101T011542.406967,0.6058
20250101T011543.365138,0.6752
20250101T011544.322320,0.6616
20250101T011545.285089,0.6105
20250101T011546.241993,0.6889
20250101T011547.205312,0.6683
20250101T011548.162872,0.6284
20250101T011549.125874,0.6477
20250101T011550.084088,0.7179
20250101T011551.046701,0.6962
20250101T011552.004182,0.6495
20250101T011552.966915,0.6311
20250101T011553.925057,0.6482
20250101T011554.881980,0.6189
20250101T011555.845291,0.6573
20250101T011556.804934,0.6541
20250101T011557.761928,0.7024
20250101T011558.725281,0.6768
20250101T011559.682928,0.7477
20250101T011600.646244,0.6925
20250101T011601.603946,0.6659
20250101T011602.566802,0.6319
20250101T011603.524326,0.6407
20250101T011604.487300,0.6599
20250101T011605.445106,0.6623
20250101T011606.402008,0.6383
20250101T011607.365894,0.7470
20250101T011608.323134,0.6637
20250101T011609.285831,0.6500
20250101T011610.244244,0.6408
20250101T011611.206844,0.6403
20250101T011612.166250,0.6293
20250101T011613.124943,0.6309
20250101T011614.083757,0.6133
20250101T011615.042146,0.6675
20250101T011616.005414,0.6323
20250101T011616.962770,0.6369
20250101T011617.925695,0.6370
20250101T011618.882668,0.6263
20250101T011619.845607,0.6448
20250101T011620.804473,0.6343
20250101T011621.767099,0.6181
20250101T011622.725197,0.6270
20250101T011623.682430,0.6224
20250101T011624.645987,0.6208
20250101T011625.603525,0.6571
20250101T011626.566756,0.6390
20250101T011627.523995,0.6260
20250101T011628.486990,0.6272
20250101T011629.445413,0.6461
20250101T011630.402306,0.6352
20250101T011631.366109,0.6261
20250101T011632.325505,0.6445
20250101T011633.282410,0.6410
20250101T011634.245483,0.6564
20250101T011635.202415,0.6375
20250101T011636.166330,0.6513
20250101T011637.125438,0.6272
20250101T011638.082363,0.6551
20250101T011639.045593,0.6232
20250101T011640.002471,0.6427
20250101T011640.966199,0.6124
20250101T011641.925908,0.6374
20250101T011642.883528,0.6218
20250101T011643.846837,0.6380
20250101T011644.804351,0.6782
20250101T011645.762166,0.6379
20250101T011646.725805,0.6755
20250101T011647.682725,0.6436
20250101T011648.645712,0.6380
20250101T011649.602653,0.6536
20250101T011650.566485,0.7120
20250101T011651.523700,0.6247
20250101T011652.487392,0.6302
20250101T011653.445797,0.6126
20250101T011654.402824,0.6339
20250101T011655.367921,0.6319
20250101T011656.325768,0.6335
20250101T011657.282985,0.6328
20250101T011658.245687,0.6363
20250101T011659.202591,0.6409
20250101T011700.162564,0.6294
20250101T011701.127301,0.6181
20250101T011702.085964,0.6436
20250101T011703.042877,0.6260
20250101T011704.005858,0.6322
20250101T011704.962828,0.6642
20250101T011705.926785,0.6273
20250101T011706.885826,0.6309
20250101T011707.842733,0.6241
20250101T011708.806057,0.6677
20250101T011709.762994,0.6073
20250101T011710.726075,0.6165
20250101T011711.683025,0.6694
20250101T011712.646290,0.6370
20250101T011713.603213,0.6625
20250101T011714.567151,0.6537
20250101T011715.525873,0.6241
20250101T011716.482762,0.6318
20250101T011717.445440,0.6365
20250101T011718.408099,0.6725
20250101T011719.366237,0.6628
20250101T011720.324126,0.6407
20250101T011721.287134,0.6324
20250101T011722.245250,0.6237
20250101T011723.208019,0.6351
20250101T011724.166238,0.6212
20250101T011725.123203,0.6195
20250101T011726.086682,0.6333
20250101T011727.045960,0.6194
20250101T011728.002846,0.6572
20250101T011728.967416,0.6266
20250101T011729.924915,0.6365
20250101T011730.887628,0.6292
20250101T011731.846605,0.6228
20250101T011732.804730,0.6550
20250101T011733.768335,0.6239
20250101T011734.726197,0.6358
20250101T011735.683115,0.6423
20250101T011736.646396,0.6177
20250101T011737.603329,0.6622
20250101T011738.567559,0.6103
20250101T011739.525341,0.6475
20250101T011740.488093,0.6348
20250101T011741.446270,0.6083
20250101T011742.403229,0.6311
20250101T011743.366877,0.6491
20250101T011744.325609,0.6282
20250101T011745.288299,0.6228
20250101T011746.245844,0.6311
20250101T011747.205208,0.6358
20250101T011748.168230,0.6397
20250101T011749.126683,0.6365
20250101T011750.083630,0.6836
20250101T011751.047152,0.6235
20250101T011752.004665,0.6449
20250101T011752.967983,0.6425
20250101T011753.925794,0.6180
20250101T011754.889074,0.6280
20250101T011755.847307,0.6383
20250101T011756.806607,0.6204
20250101T011757.763575,0.6286
20250101T011758.727166,0.6660
20250101T011759.684070,0.6443
20250101T011800.647093,0.6378
20250101T011801.604355,0.6368
20250101T011802.567412,0.6391
20250101T011803.524602,0.6259
20250101T011804.487637,0.6398
20250101T011805.445956,0.6581
20250101T011806.408974,0.6449
20250101T011807.367063,0.7534
20250101T011808.323939,0.6449
20250101T011809.287176,0.7029
20250101T011810.244086,0.8192
20250101T011811.207493,0.7718
20250101T011812.165270,0.6687
20250101T011813.128282,0.6820
20250101T011814.085475,0.6295
20250101T011815.048230,0.6264
20250101T011816.006879,0.6331
20250101T011816.963830,0.6447
20250101T011817.927515,0.6782
20250101T011818.885898,0.6335
20250101T011819.848597,0.6379
20250101T011820.806721,0.7505
20250101T011821.764036,0.8117
20250101T011822.727136,0.7797
20250101T011823.684022,2.3456
20250101T011824.647394,2.9542
20250101T011825.604305,2.1639
20250101T011826.567885,1.5205
20250101T011827.525684,1.9571
20250101T011828.488969,2.1008
20250101T011829.446757,4.7892
20250101T011830.404772,1.8763
20250101T011831.368340,1.1573
20250101T011832.327090,1.3438
20250101T011833.285684,1.3377
20250101T011834.248997,0.9822
20250101T011835.207038,1.2056
20250101T011836.164053,0.8514
20250101T011837.127522,0.7797
20250101T011838.085016,0.7790
20250101T011839.047939,0.6591
20250101T011840.005807,0.6429
20250101T011840.968378,0.6403
20250101T011841.927490,0.6475
20250101T011842.884592,0.7161
20250101T011843.847612,0.6990
20250101T011844.804432,0.6670
20250101T011845.768928,0.6598
20250101T011846.726459,0.6601
20250101T011847.689456,0.6631
20250101T011848.647217,0.6833
20250101T011849.609829,0.6599
20250101T011850.567015,0.6719
20250101T011851.529680,0.6664
20250101T011852.487451,0.6250
20250101T011853.444306,0.7003
20250101T011854.407566,0.6654
20250101T011855.364475,0.6749
20250101T011856.329179,0.6420
20250101T011857.287891,0.6599
20250101T011858.244787,0.6151
20250101T011859.208092,0.7129
20250101T011900.165217,0.6553
20250101T011901.128778,0.6755
20250101T011902.085979,0.6464
20250101T011903.048706,0.6205
20250101T011904.006798,0.6908
20250101T011904.969687,0.6798
20250101T011905.928649,0.6952
20250101T011906.886198,0.6469
20250101T011907.848823,0.6419
20250101T011908.807860,0.6665
20250101T011909.764789,0.6330
20250101T011910.728980,0.6307
20250101T011911.686165,0.6609
20250101T011912.643995,0.6558
20250101T011913.607420,0.6380
20250101T011914.570095,0.6348
20250101T011915.527297,0.6243
20250101T011916.490140,0.6615
20250101T011917.447668,0.6563
20250101T011918.404898,0.6576
20250101T011919.370201,0.6519
20250101T011920.328283,0.6873
20250101T011921.286439,0.6910
20250101T011922.249495,0.6487
20250101T011923.207697,0.6402
20250101T011924.164843,0.6278
20250101T011925.127763,0.6772
20250101T011926.086206,0.6523
20250101T011927.049228,0.6625
20250101T011928.007683,0.6190
20250101T011928.970341,0.6843
20250101T011929.927870,0.6309
20250101T011930.886029,0.6245
20250101T011931.849350,0.6965
20250101T011932.807076,0.6494
20250101T011933.770303,0.6329
20250101T011934.728139,0.6175
20250101T011935.685044,0.6093
20250101T011936.648563,0.6557
20250101T011937.606032,0.6360
20250101T011938.569644,0.6674
20250101T011939.527771,0.6580
20250101T011940.484710,0.6389
20250101T011941.449202,0.6394
20250101T011942.407412,0.6342
20250101T011943.370382,0.6262
20250101T011944.327944,0.6340
20250101T011945.285160,0.6422
20250101T011946.248152,0.6632
20250101T011947.205126,0.6448
20250101T011948.169113,0.6100
20250101T011949.126975,0.6264
20250101T011950.089632,0.6676
20250101T011951.047853,0.6341
20250101T011952.010542,0.6337
20250101T011952.968408,0.6129
20250101T011953.925330,0.6396
20250101T011954.888700,0.6354
20250101T011955.845912,0.6303
20250101T011956.810721,0.6823
20250101T011957.769158,0.6358
20250101T011958.727371,0.6170
20250101T011959.690007,0.6274
20250101T012000.647659,0.6595
20250101T012001.610332,0.6862
20250101T012002.569137,0.6275
20250101T012003.528261,0.6219
20250101T012004.488648,0.6385
20250101T012005.448506,0.6202
20250101T012006.405447,0.6251
20250101T012007.368768,0.6227
20250101T012008.325705,0.6295
20250101T012009.288763,0.6312
20250101T012010.245687,0.7095
20250101T012011.208309,0.6326
20250101T012012.170985,0.6139
20250101T012013.128757,0.6705
20250101T012014.086907,0.6772
20250101T012015.049658,0.6611
20250101T012016.008388,0.6378
20250101T012016.971075,0.6405
20250101T012017.928550,0.6501
20250101T012018.885483,0.6244
20250101T012019.848729,0.6438
20250101T012020.805940,0.6456
20250101T012021.769080,0.6506
20250101T012022.725985,0.6355
20250101T012023.689013,0.6295
20250101T012024.645890,0.6285
20250101T012025.608902,0.6349
20250101T012026.565877,0.6217
20250101T012027.528905,0.7700
20250101T012028.485916,0.7044
20250101T012029.448611,0.6294
20250101T012030.405605,0.6057
20250101T012031.369237,0.6104
20250101T012032.328012,0.6365
20250101T012033.285536,0.6441
20250101T012034.248896,0.6406
20250101T012035.205786,0.6529
20250101T012036.169409,0.6552
20250101T012037.128798,0.6087
20250101T012038.091544,0.6302
20250101T012039.049371,0.6586
20250101T012040.006867,0.6322
20250101T012040.970195,0.6343
20250101T012041.927504,0.6433
20250101T012042.890507,0.6325
20250101T012043.848905,0.6289
20250101T012044.805808,0.6395
20250101T012045.769463,0.6475
20250101T012046.728873,0.6256
20250101T012047.686128,0.6955
20250101T012048.649083,0.6569
20250101T012049.606613,0.6350
20250101T012050.569971,0.6370
20250101T012051.529892,0.6828
20250101T012052.487080,0.6875
20250101T012053.450096,0.6446
20250101T012054.407074,0.6142
20250101T012055.370150,0.6139
20250101T012056.328254,0.6651
20250101T012057.286769,0.6392
20250101T012058.249422,0.6270
20250101T012059.206393,0.6143
20250101T012100.169669,0.6222
20250101T012101.128976,0.6493
20250101T012102.086201,0.6152
20250101T012103.049782,0.6352
20250101T012104.006733,0.6514
20250101T012104.970041,0.6346
20250101T012105.926995,0.6399
20250101T012106.889978,0.6506
20250101T012107.847192,0.6820
20250101T012108.809900,0.6454
20250101T012109.769270,0.6273
20250101T012110.726228,0.6284
20250101T012111.689273,0.6317
20250101T012112.646565,0.6279
20250101T012113.610416,0.6440
20250101T012114.568035,0.6510
20250101T012115.531062,0.6367
20250101T012116.489228,0.6025
20250101T012117.446222,0.6535
20250101T012118.410191,0.6403
20250101T012119.369230,0.6267
20250101T012120.331932,0.7075
20250101T012121.289482,0.6571
20250101T012122.246410,0.6255
20250101T012123.209768,0.6320
20250101T012124.166767,0.6269
20250101T012125.129773,0.6245
20250101T012126.088617,0.6125
20250101T012127.051592,0.6299
20250101T012128.009705,0.6230
20250101T012128.966655,0.6532
20250101T012129.929716,0.6090
20250101T012130.886959,0.6503
20250101T012131.850266,0.6279
20250101T012132.809348,0.6629
20250101T012133.766313,0.6355
20250101T012134.729378,0.6772
20250101T012135.686555,0.6271
20250101T012136.650230,0.6774
20250101T012137.610795,0.6228
20250101T012138.570116,0.6569
20250101T012139.528162,0.6267
20250101T012140.491487,0.6287
20250101T012141.450436,0.6434
20250101T012142.409481,0.6289
20250101T012143.366450,0.6365
20250101T012144.330668,0.6312
20250101T012145.289752,0.6320
20250101T012146.247601,0.6115
20250101T012147.210549,0.6131
20250101T012148.169827,0.6389
20250101T012149.126753,0.6284
20250101T012150.090387,0.6287
20250101T012151.047433,0.6120
20250101T012152.010669,0.6403
20250101T012152.967879,0.6862
20250101T012153.930965,0.6242
20250101T012154.888494,0.6307
20250101T012155.851222,0.6324
20250101T012156.809081,0.6375
20250101T012157.771851,0.6345
20250101T012158.730006,0.6169
20250101T012159.687233,0.6516
20250101T012200.650617,0.6399
20250101T012201.607863,0.6509
20250101T012202.571194,0.6334
20250101T012203.530160,0.6357
20250101T012204.487716,0.6503
20250101T012205.451016,0.6505
20250101T012206.410086,0.6488
20250101T012207.367053,0.6278
20250101T012208.330448,0.6310
20250101T012209.287433,0.6310
20250101T012210.250758,0.6237
20250101T012211.207962,0.6238
20250101T012212.170953,0.6553
20250101T012213.128100,0.6328
20250101T012214.090808,0.6458
20250101T012215.048644,0.7728
20250101T012216.011731,0.6511
20250101T012216.970746,0.6513
20250101T012217.928283,0.6583
20250101T012218.890889,0.6185
20250101T012219.848677,0.6192
20250101T012220.811779,0.6521
20250101T012221.769034,0.6275
20250101T012222.727539,0.6398
20250101T012223.691784,0.6234
20250101T012224.650220,0.6331
20250101T012225.607767,0.6332
20250101T012226.571413,0.6252
20250101T012227.530368,0.6254
20250101T012228.487363,0.6521
20250101T012229.450305,0.6318
20250101T012230.407244,0.6287
20250101T012231.371152,0.6275
20250101T012232.329603,0.6954
20250101T012233.292269,0.6282
20250101T012234.250745,0.6176
20250101T012235.208372,0.6194
20250101T012236.172042,0.6448
20250101T012237.130786,0.6608
20250101T012238.087752,0.6696
20250101T012239.050754,0.6380
20250101T012240.007763,0.6169
20250101T012240.971012,0.6714
20250101T012241.927852,0.6058
20250101T012242.890813,0.6204
20250101T012243.849477,0.6141
20250101T012244.812184,0.6402
20250101T012245.771202,0.6272
20250101T012246.728718,0.6305
20250101T012247.692343,0.6158
20250101T012248.650474,0.6341
20250101T012249.607431,0.6348
20250101T012250.570717,0.6321
20250101T012251.527595,0.7355
20250101T012252.490567,0.8276
20250101T012253.453196,0.8362
20250101T012254.410747,0.7246
20250101T012255.368273,0.6650
20250101T012256.331273,0.6620
20250101T012257.290622,0.6321
20250101T012258.247601,0.6305
20250101T012259.207217,0.6290
20250101T012300.170800,0.6502
20250101T012301.127704,0.6388
20250101T012302.090614,0.6491
20250101T012303.047539,0.6489
20250101T012304.010818,0.6322
20250101T012304.969233,0.6208
20250101T012305.931881,0.6258
20250101T012306.890885,0.6396
20250101T012307.853509,0.6432
20250101T012308.811074,0.6289
20250101T012309.771707,0.6245
20250101T012310.730785,0.6382
20250101T012311.687692,0.6175
20250101T012312.650955,0.6296
20250101T012313.607826,0.6563
20250101T012314.570908,0.6303
20250101T012315.533529,0.6243
20250101T012316.491121,0.6241
20250101T012317.450688,0.6459
20250101T012318.413443,0.6427
20250101T012319.371209,0.6341
20250101T012320.328164,0.6208
20250101T012321.291157,0.6683
20250101T012322.248084,0.6389
20250101T012323.212078,0.6294
20250101T012324.169623,0.6239
20250101T012325.132664,0.6625
20250101T012326.090832,0.6305
20250101T012327.048340,0.6469
20250101T012328.011504,0.6385
20250101T012328.968389,0.6162
20250101T012329.931440,0.6260
20250101T012330.888363,0.6293
20250101T012331.851707,0.7359
20250101T012332.808607,0.6768
20250101T012333.772252,0.6526
20250101T012334.729131,0.6683
20250101T012335.692194,0.6217
20250101T012336.650166,0.6300
20250101T012337.613209,0.6363
20250101T012338.571434,0.6565
20250101T012339.528323,0.6742
20250101T012340.491929,0.6319
20250101T012341.449205,0.6333
20250101T012342.412483,0.8019
20250101T012343.369431,0.6911
20250101T012344.332149,0.6233
20250101T012345.289340,0.6610
20250101T012346.252875,0.6224
20250101T012347.211382,0.6498
20250101T012348.168196,0.6347
20250101T012349.131564,0.6285
20250101T012350.088651,0.6288
20250101T012351.051425,0.6289
20250101T012352.008346,0.6583
20250101T012352.972510,0.6183
20250101T012353.930273,0.6773
20250101T012354.892991,0.6312
20250101T012355.848751,0.6200
20250101T012356.813805,0.6732
20250101T012357.772611,0.6339
20250101T012358.730187,0.6366
20250101T012359.688126,0.6700
20250101T012400.651743,0.7659
20250101T012401.608363,0.6569
20250101T012402.571602,0.6582
20250101T012403.528474,0.6172
20250101T012404.493171,0.6135
20250101T012405.451640,0.6617
20250101T012406.408599,0.6257
20250101T012407.371921,0.6208
20250101T012408.328807,0.6187
20250101T012409.291824,0.6442
20250101T012410.248707,0.6560
20250101T012411.211721,0.6412
20250101T012412.168595,0.6364
20250101T012413.131959,0.6889
20250101T012414.088915,0.6614
20250101T012415.051921,0.6285
20250101T012416.008869,0.6346
20250101T012416.972817,0.6247
20250101T012417.931859,0.6439
20250101T012418.889100,0.6169
20250101T012419.852694,0.6358
20250101T012420.810581,0.6420
20250101T012421.773918,0.6441
20250101T012422.731754,0.6415
20250101T012423.688627,0.6532
20250101T012424.651982,0.6363
20250101T012425.608898,0.6280
20250101T012426.572556,0.6252
20250101T012427.531038,0.6272
20250101T012428.488605,0.6429
20250101T012429.452489,0.6342
20250101T012430.411877,0.6315
20250101T012431.374560,0.6104
20250101T012432.332423,0.6523
20250101T012433.289968,0.6428
20250101T012434.252959,0.6564
20250101T012435.211777,0.6233
20250101T012436.174492,0.6481
20250101T012437.132992,0.6335
20250101T012438.091730,0.6305
20250101T012439.054453,0.6547
20250101T012440.011995,0.6649
20250101T012440.974714,0.6468
20250101T012441.929251,0.6333
20250101T012442.893087,0.6281
20250101T012443.849987,0.6449
20250101T012444.812759,0.6351
20250101T012445.769714,0.6362
20250101T012446.732726,0.6549
20250101T012447.689727,0.6779
20250101T012448.652771,0.6368
20250101T012449.610900,0.6242
20250101T012450.573942,0.6672
20250101T012451.531511,0.6263
20250101T012452.494501,0.6262
20250101T012453.452336,0.6497
20250101T012454.409210,0.6320
20250101T012455.373388,0.6723
20250101T012456.330966,0.6069
20250101T012457.289738,0.6222
20250101T012458.252419,0.6352
20250101T012459.209371,0.6320
20250101T012500.172668,0.6089
20250101T012501.129481,0.6309
20250101T012502.092536,0.6276
20250101T012503.049521,0.6539
20250101T012504.013425,0.6218
20250101T012504.972790,0.6626
20250101T012505.929658,0.6181
20250101T012506.892629,0.6376
20250101T012507.849570,0.6577
20250101T012508.812290,0.6155
20250101T012509.775009,0.6627
20250101T012510.732766,0.6350
20250101T012511.689993,0.6252
20250101T012512.654237,0.6280
20250101T012513.612594,0.6237
20250101T012514.569487,0.6255
20250101T012515.532818,0.6265
20250101T012516.490690,0.6156
20250101T012517.454024,0.6317
20250101T012518.411888,0.6283
20250101T012519.374632,0.6469
20250101T012520.332710,0.6410
20250101T012521.289684,0.6279
20250101T012522.253318,0.6558
20250101T012523.212385,0.6986
20250101T012524.169383,0.6414
20250101T012525.132708,0.6527
20250101T012526.089646,0.6887
20250101T012527.052728,0.6237
20250101T012528.009723,0.6189
20250101T012528.973965,0.6148
20250101T012529.932782,0.6405
20250101T012530.891275,0.6392
20250101T012531.854271,0.6159
20250101T012532.812785,0.6233
20250101T012533.769719,0.6607
20250101T012534.733633,0.6300
20250101T012535.692802,0.6483
20250101T012536.655493,0.6396
20250101T012537.613695,0.6413
20250101T012538.571546,0.6139
20250101T012539.534296,0.6452
20250101T012540.491418,0.6510
20250101T012541.454187,0.6180
20250101T012542.412853,0.6322
20250101T012543.370087,0.7735
20250101T012544.333392,0.6604
20250101T012545.291563,0.6271
20250101T012546.254238,0.6319
20250101T012547.212982,0.6419
20250101T012548.169894,0.6263
20250101T012549.133244,0.6054
20250101T012550.090224,0.6336
20250101T012551.053861,0.6541
20250101T012552.011730,0.6684
20250101T012552.975044,0.6432
20250101T012553.932340,0.6378
20250101T012554.895417,0.6186
20250101T012555.853252,0.6394
20250101T012556.810199,0.6334
20250101T012557.773815,0.6452
20250101T012558.731033,0.6327
20250101T012559.694333,0.6699
20250101T012600.651287,0.6708
20250101T012601.614302,0.6762
20250101T012602.571824,0.6412
20250101T012603.534864,0.6292
20250101T012604.493261,0.6406
20250101T012605.450246,0.6245
20250101T012606.413586,0.6336
20250101T012607.371529,0.6277
20250101T012608.334426,0.6375
20250101T012609.292017,0.6309
20250101T012610.254981,0.6419
20250101T012611.212790,0.6511
20250101T012612.175591,0.6466
20250101T012613.133372,0.6251
20250101T012614.091871,0.6235
20250101T012615.055084,0.6366
20250101T012616.013229,0.6538
20250101T012616.970505,0.6334
20250101T012617.933917,0.6455
20250101T012618.891445,0.6206
20250101T012619.854415,0.6234
20250101T012620.811441,0.6551
20250101T012621.774779,0.6597
20250101T012622.732028,0.6377
20250101T012623.694735,0.6245
20250101T012624.651973,0.6228
20250101T012625.615287,0.6631
20250101T012626.573737,0.6429
20250101T012627.530896,0.6437
20250101T012628.494300,0.6439
20250101T012629.452676,0.6420
20250101T012630.415417,0.6997
20250101T012631.373813,0.6493
20250101T012632.331660,0.6421
20250101T012633.294322,0.8127
20250101T012634.251811,0.6857
20250101T012635.214834,0.6504
20250101T012636.173863,0.6410
20250101T012637.130893,0.6114
20250101T012638.095745,0.6154
20250101T012639.052907,0.6787
20250101T012640.015895,0.6380
20250101T012640.973697,0.6383
20250101T012641.930638,0.5946
20250101T012642.894542,0.6900
20250101T012643.851828,0.6823
20250101T012644.814864,0.6381
20250101T012645.772396,0.6325
20250101T012646.735465,0.6516
20250101T012647.693919,0.6057
20250101T012648.650890,0.6171
20250101T012649.614907,0.6119
20250101T012650.572426,0.6207
20250101T012651.535153,0.6714
20250101T012652.494538,0.6389
20250101T012653.453544,0.6081
20250101T012654.416266,0.6184
20250101T012655.374041,0.6372
20250101T012656.330890,0.6246
20250101T012657.295113,0.6212
20250101T012658.253247,0.6347
20250101T012659.215947,0.6042
20250101T012700.174665,0.6220
20250101T012701.134251,0.6155
20250101T012702.091209,0.6236
20250101T012703.054826,0.6280
20250101T012704.012035,0.6204
20250101T012704.975050,0.6085
20250101T012705.934118,0.6475
20250101T012706.896850,0.6599
20250101T012707.854655,0.6726
20250101T012708.811602,0.6419
20250101T012709.775774,0.6152
20250101T012710.732927,0.6264
20250101T012711.695955,0.6449
20250101T012712.654082,0.6357
20250101T012713.611010,0.6150
20250101T012714.574652,0.6103
20250101T012715.533333,0.6452
20250101T012716.496617,0.6230
20250101T012717.454562,0.6525
20250101T012718.411516,0.6313
20250101T012719.375736,0.6218
20250101T012720.334129,0.6041
20250101T012721.291412,0.6090
20250101T012722.254695,0.7961
20250101T012723.213463,0.6833
20250101T012724.176473,0.5784
20250101T012725.134077,0.6779
20250101T012726.091043,0.6943
20250101T012727.054354,0.6117
20250101T012728.011375,0.6189
20250101T012728.974976,0.6223
20250101T012729.934648,0.6131
20250101T012730.891606,0.5994
20250101T012731.854944,0.6431
20250101T012732.812466,0.6213
20250101T012733.775860,0.6537
20250101T012734.733697,0.6358
20250101T012735.696402,0.6470
20250101T012736.654261,0.6181
20250101T012737.616987,0.6272
20250101T012738.575137,0.6188
20250101T012739.533527,0.6169
20250101T012740.496235,0.6199
20250101T012741.454715,0.5851
20250101T012742.411613,0.6470
20250101T012743.376104,0.6331
20250101T012744.333313,0.6591
20250101T012745.296386,0.6546
20250101T012746.255105,0.6060
20250101T012747.214726,0.6125
20250101T012748.171777,0.6544
20250101T012749.134919,0.6054
20250101T012750.091710,0.6241
20250101T012751.054401,0.6372
20250101T012752.017066,0.6293
20250101T012752.976136,0.6269
20250101T012753.933295,0.6132
20250101T012754.896030,0.6321
20250101T012755.853216,0.6102
20250101T012756.816251,0.7353
20250101T012757.775317,0.7528
20250101T012758.732208,0.6938
20250101T012759.695072,0.6225
20250101T012800.652066,0.6034
20250101T012801.615283,0.6233
20250101T012802.573468,0.6363
20250101T012803.536045,0.6669
20250101T012804.495156,0.6311
20250101T012805.453500,0.6260
20250101T012806.416488,0.6317
20250101T012807.375177,0.6170
20250101T012808.332928,0.6167
20250101T012809.296214,0.6138
20250101T012810.254684,0.6042
20250101T012811.217356,0.6706
20250101T012812.175209,0.6074
20250101T012813.134856,0.6386
20250101T012814.097559,0.6413
20250101T012815.055131,0.6242
20250101T012816.012082,0.6271
20250101T012816.975929,0.6239
20250101T012817.933150,0.6151
20250101T012818.895794,0.6232
20250101T012819.855144,0.6519
20250101T012820.812335,0.6288
20250101T012821.775231,0.6365
20250101T012822.732176,0.6431
20250101T012823.695147,0.6710
20250101T012824.652094,0.6025
20250101T012825.615418,0.5957
20250101T012826.572363,0.6285
20250101T012827.535869,0.6530
20250101T012828.495210,0.6375
20250101T012829.452472,0.6383
20250101T012830.416089,0.6136
20250101T012831.373955,0.6188
20250101T012832.337275,0.6356
20250101T012833.296912,0.6196
20250101T012834.254448,0.6320
20250101T012835.211472,0.6135
20250101T012836.175396,0.6140
20250101T012837.132286,0.6020
20250101T012838.096249,0.6485
20250101T012839.053454,0.6205
20250101T012840.016507,0.6271
20250101T012840.974083,0.6184
20250101T012841.937108,0.6279
20250101T012842.895577,0.6265
20250101T012843.852480,0.6302
20250101T012844.816399,0.6270
20250101T012845.775576,0.6198
20250101T012846.732531,0.6489
20250101T012847.695855,0.6307
20250101T012848.652816,0.6257
20250101T012849.616494,0.6544
20250101T012850.575584,0.6561
20250101T012851.532473,0.7121
20250101T012852.496096,0.7484
20250101T012853.454253,0.7260
20250101T012854.417267,0.6450
20250101T012855.374199,0.6212
20250101T012856.336911,0.6174
20250101T012857.294781,0.6408
20250101T012858.257520,0.6979
20250101T012859.215053,0.8747
20250101T012900.177770,0.6730
20250101T012901.135365,0.6407
20250101T012902.098022,0.6198
20250101T012903.055864,0.6075
20250101T012904.012813,0.6084
20250101T012904.976689,0.6529
20250101T012905.934231,0.6308
20250101T012906.897552,0.6507
20250101T012907.855751,0.6405
20250101T012908.812642,0.6336
20250101T012909.776005,0.6258
20250101T012910.732923,0.6393
20250101T012911.695921,0.6255
20250101T012912.653737,0.6176
20250101T012913.616790,0.6108
20250101T012914.574382,0.6151
20250101T012915.537340,0.6646
20250101T012916.495809,0.6204
20250101T012917.453032,0.6194
20250101T012918.417315,0.6175
20250101T012919.376326,0.6007
20250101T012920.333175,0.6253
20250101T012921.295950,0.6634
20250101T012922.253463,0.6368
20250101T012923.216800,0.6306
20250101T012924.174004,0.6288
20250101T012925.137091,0.6126
20250101T012926.094077,0.6121
20250101T012927.057410,0.6503
20250101T012928.015903,0.6150
20250101T012928.972805,0.6462
20250101T012929.936515,0.6398
20250101T012930.894678,0.6043
20250101T012931.857378,0.6180
20250101T012932.815816,0.6695
20250101T012933.778523,0.6558
20250101T012934.736391,0.6045
20250101T012935.693305,0.5981
20250101T012936.656949,0.6472
20250101T012937.615468,0.6281
20250101T012938.578122,0.6386
20250101T012939.536240,0.6215
20250101T012940.493120,0.6091
20250101T012941.456421,0.6280
20250101T012942.414843,0.6110
20250101T012943.377892,0.6025
20250101T012944.333640,0.6654
20250101T012945.296323,0.6382
20250101T012946.253295,0.6566
20250101T012947.216654,0.6324
20250101T012948.173542,0.6410
20250101T012949.136873,0.6181
20250101T012950.094125,0.6142
20250101T012951.057137,0.5997
20250101T012952.016571,0.6354
20250101T012952.973538,0.6505
20250101T012953.936904,0.6364
20250101T012954.893832,0.6459
20250101T012955.857183,0.6229
20250101T012956.816536,0.6498
20250101T012957.774737,0.6122
20250101T012958.737510,0.6477
20250101T012959.695093,0.6220
20250101T013000.657789,0.6335
20250101T013001.616271,0.6203
20250101T013002.578956,0.6247
20250101T013003.536813,0.6249
20250101T013004.495390,0.6296
20250101T013005.454011,0.6267
20250101T013006.416982,0.6188
20250101T013007.373946,0.5919
20250101T013008.337492,0.8658
20250101T013009.295683,0.6803
20250101T013010.258448,0.6626
20250101T013011.216042,0.6116
20250101T013012.179124,0.6146
20250101T013013.136973,0.6638
20250101T013014.093938,0.6340
20250101T013015.056892,0.6377
20250101T013016.013754,0.6144
20250101T013016.977090,0.6171
20250101T013017.934079,0.6396
20250101T013018.896777,0.6398
20250101T013019.853784,0.6115
20250101T013020.817054,0.8372
20250101T013021.774059,0.8618
20250101T013022.737952,0.6881
20250101T013023.695369,0.6617
20250101T013024.658286,0.6590
20250101T013025.616195,0.6180
20250101T013026.579065,0.5890
20250101T013027.537618,0.6239
20250101T013028.495155,0.6155
20250101T013029.457796,0.8243
20250101T013030.416925,0.6590
20250101T013031.373910,0.6329
20250101T013032.337880,0.6345
20250101T013033.295759,0.6237
20250101T013034.258477,0.6212
20250101T013035.217866,0.6068
20250101T013036.176956,0.6601
20250101T013037.133890,0.6429
20250101T013038.097569,0.6160
20250101T013039.054570,0.6227
20250101T013040.017581,0.6131
20250101T013040.976951,0.6387
20250101T013041.933863,0.6116
20250101T013042.897426,0.5932
20250101T013043.854424,0.6155
20250101T013044.818939,0.6327
20250101T013045.777073,0.6946
20250101T013046.734650,0.7085
20250101T013047.697716,0.6642
20250101T013048.656815,0.6238
20250101T013049.619538,0.6239
20250101T013050.578557,0.6124
20250101T013051.538167,0.6329
20250101T013052.496356,0.6378
20250101T013053.459082,0.6053
20250101T013054.417559,0.6199
20250101T013055.374523,0.6138
20250101T013056.337475,0.6115
20250101T013057.294345,0.6049
20250101T013058.257947,0.6308
20250101T013059.217012,0.6427
20250101T013100.173986,0.6173
20250101T013101.137310,0.6052
20250101T013102.094316,0.6368
20250101T013103.057592,0.6556
20250101T013104.014532,0.6299
20250101T013104.977887,0.6030
20250101T013105.934872,0.6364
20250101T013106.897927,0.6347
20250101T013107.854843,0.6455
20250101T013108.819057,0.6754
20250101T013109.777784,0.6169
20250101T013110.734837,0.6343
20250101T013111.698108,0.6515
20250101T013112.654739,0.6134
20250101T013113.618414,0.6534
20250101T013114.576821,0.6681
20250101T013115.539526,0.6139
20250101T013116.497665,0.6154
20250101T013117.455038,0.6373
20250101T013118.417912,0.6470
20250101T013119.377603,0.6579
20250101T013120.334551,0.6271
20250101T013121.297881,0.6397
20250101T013122.254819,0.6213
20250101T013123.218474,0.6128
20250101T013124.177539,0.6024
20250101T013125.134484,0.6286
20250101T013126.097803,0.6437
20250101T013127.054711,0.6603
20250101T013128.018394,0.6194
20250101T013128.977784,0.6303
20250101T013129.934696,0.6278
20250101T013130.898332,0.6011
20250101T013131.855651,0.6448
20250101T013132.818973,0.6129
20250101T013133.777686,0.6650
20250101T013134.736134,0.6276
20250101T013135.698816,0.6299
20250101T013136.658255,0.6305
20250101T013137.618138,0.6237
20250101T013138.575077,0.6158
20250101T013139.538199,0.6633
20250101T013140.495091,0.6504
20250101T013141.458079,0.7467
20250101T013142.415035,0.9490
20250101T013143.378348,0.8300
20250101T013144.335899,2.3568
20250101T013145.298754,1.2396
20250101T013146.256616,1.2718
20250101T013147.219962,1.1816
20250101T013148.178088,2.0317
20250101T013149.135001,1.3606
20250101T013150.099608,1.4829
20250101T013151.057684,1.3449
20250101T013152.020462,1.1318
20250101T013152.978618,0.6111
20250101T013153.938618,0.5579
20250101T013154.897324,0.6539
20250101T013155.860003,0.6647
20250101T013156.818186,0.6311
20250101T013157.776089,0.6148
20250101T013158.739480,0.6513
20250101T013159.697917,0.5963
20250101T013200.660562,0.6090
20250101T013201.618687,0.6211
20250101T013202.577153,0.6300
20250101T013203.539850,0.6820
20250101T013204.498928,0.6355
20250101T013205.456852,0.6573
20250101T013206.420130,0.6258
20250101T013207.378630,0.6332
20250101T013208.335656,0.5882
20250101T013209.298649,0.6503
20250101T013210.256143,0.6172
20250101T013211.219140,0.6297
20250101T013212.176416,0.6368
20250101T013213.139162,0.6445
20250101T013214.098269,0.6566
20250101T013215.055234,0.6324
20250101T013216.018963,0.6156
20250101T013216.977419,0.6187
20250101T013217.940111,0.6686
20250101T013218.897595,0.6208
20250101T013219.860375,0.6412
20250101T013220.818512,0.6125
20250101T013221.775500,0.7495
20250101T013222.739459,0.9235
20250101T013223.695734,0.6610
20250101T013224.658751,0.8029
20250101T013225.616026,1.2129
20250101T013226.579670,1.6061
20250101T013227.537483,1.2216
20250101T013228.500456,1.2840
20250101T013229.458930,1.0831
20250101T013230.416495,0.8684
20250101T013231.379604,0.6978
20250101T013232.337150,0.6866
20250101T013233.299893,0.6271
20250101T013234.258652,0.6219
20250101T013235.215657,0.6371
20250101T013236.179230,0.6222
20250101T013237.137699,0.6721
20250101T013238.100401,0.6405
20250101T013239.059471,0.6226
20250101T013240.018473,0.6892
20250101T013240.975509,0.6224
20250101T013241.938559,0.6223
20250101T013242.895721,0.6425
20250101T013243.858908,0.6524
20250101T013244.815868,0.6638
20250101T013245.778815,0.6227
20250101T013246.735816,0.7168
20250101T013247.699386,0.7129
20250101T013248.656614,0.7381
20250101T013249.620568,0.6893
20250101T013250.579703,0.6742
20250101T013251.537465,0.6499
20250101T013252.500483,0.6702
20250101T013253.458070,0.6847
20250101T013254.415915,0.7327
20250101T013255.378951,0.9465
20250101T013256.336495,0.7249
20250101T013257.300772,0.7518
20250101T013258.258673,0.7579
20250101T013259.216477,0.6844
20250101T013300.179578,0.8464
20250101T013301.138919,1.1480
20250101T013302.095872,1.3526
20250101T013303.059552,0.9403
20250101T013304.017078,0.7973
20250101T013304.980130,0.8666
20250101T013305.937606,0.6684
20250101T013306.900625,0.7246
20250101T013307.858215,0.6821
20250101T013308.820968,0.7797
20250101T013309.781282,0.6964
20250101T013310.738884,0.6704
20250101T013311.701520,0.6198
20250101T013312.659729,0.7907
20250101T013313.618502,0.6449
20250101T013314.575482,0.6257
20250101T013315.538986,0.6035
20250101T013316.495849,0.6536
20250101T013317.459186,0.7378
20250101T013318.416190,0.7512
20250101T013319.379524,0.6950
20250101T013320.336468,0.7289
20250101T013321.299215,0.6914
20250101T013322.257080,0.6368
20250101T013323.220142,0.6154
20250101T013324.177381,0.6548
20250101T013325.140382,0.6775
20250101T013326.098485,0.6582
20250101T013327.061262,0.6283
20250101T013328.018738,0.6307
20250101T013328.976879,0.6542
20250101T013329.939578,0.6259
20250101T013330.896534,0.6167
20250101T013331.859305,0.6195
20250101T013332.816231,0.6550
20250101T013333.779658,0.6216
20250101T013334.736565,0.6446
20250101T013335.700167,0.6533
20250101T013336.657694,0.6360
20250101T013337.621276,0.6282
20250101T013338.578806,0.6209
20250101T013339.541510,0.9405
20250101T013340.499447,0.6768
20250101T013341.456352,0.6396
20250101T013342.420007,0.6087
20250101T013343.376977,0.6423
20250101T013344.340606,0.6382
20250101T013345.297536,0.7060
20250101T013346.260212,0.6718
20250101T013347.219617,0.6314
20250101T013348.176623,0.6152
20250101T013349.140600,0.6059
20250101T013350.098764,0.6514
20250101T013351.061431,0.6673
20250101T013352.019591,0.6318
20250101T013352.976849,0.6433
20250101T013353.940206,0.6243
20250101T013354.897166,0.6250
20250101T013355.861991,0.6151
20250101T013356.819919,0.6244
20250101T013357.776873,0.6138
20250101T013358.740242,0.6342
20250101T013359.697158,0.6389
20250101T013400.660477,0.6168
20250101T013401.617739,0.6745
20250101T013402.581076,0.6056
20250101T013403.538329,0.6156
20250101T013404.496485,0.6248
20250101T013405.460735,0.6130
20250101T013406.419816,0.5997
20250101T013407.376787,0.6665
20250101T013408.339806,0.6457
20250101T013409.297276,0.6468
20250101T013410.260353,0.6333
20250101T013411.217256,0.5944
20250101T013412.180539,0.6700
20250101T013413.137774,0.6722
20250101T013414.101066,0.6518
20250101T013415.060110,0.6243
20250101T013416.017958,0.6471
20250101T013416.980951,0.6329
20250101T013417.939721,0.6109
20250101T013418.896645,0.6531
20250101T013419.860543,0.6269
20250101T013420.818072,0.6207
20250101T013421.781095,0.6654
20250101T013422.740149,0.6317
20250101T013423.697052,0.6341
20250101T013424.661022,0.6801
20250101T013425.618297,0.7518
20250101T013426.580984,0.6950
20250101T013427.538867,0.6386
20250101T013428.501766,0.6463
20250101T013429.459401,0.5816
20250101T013430.422123,0.6438
20250101T013431.380316,0.6757
20250101T013432.337283,0.6460
20250101T013433.300607,0.6072
20250101T013434.258107,0.6476
20250101T013435.221748,0.6405
20250101T013436.180472,0.6289
20250101T013437.137668,0.6142
20250101T013438.100649,0.6706
20250101T013439.057584,0.7409
20250101T013440.021167,0.7343
20250101T013440.978939,0.6696
20250101T013441.938884,0.6350
20250101T013442.901611,0.6316
20250101T013443.858565,0.6618
20250101T013444.822285,0.6361
20250101T013445.779224,0.6610
20250101T013446.741949,0.6219
20250101T013447.699770,0.6681
20250101T013448.656652,0.7538
20250101T013449.621118,0.8203
20250101T013450.580235,0.6576
20250101T013451.542993,0.6548
20250101T013452.500846,0.6261
20250101T013453.457843,0.6286
20250101T013454.421818,0.6183
20250101T013455.380309,0.5971
20250101T013456.342937,0.7205
20250101T013457.300461,0.7189
20250101T013458.257436,0.6998
20250101T013459.220743,0.6331
20250101T013500.177647,0.8490
20250101T013501.140395,0.6745
20250101T013502.103188,0.6282
20250101T013503.059983,0.5979
20250101T013504.022753,0.7284
20250101T013504.980659,0.6415
20250101T013505.937665,0.6285
20250101T013506.900969,0.6196
20250101T013507.857901,0.6371
20250101T013508.821537,0.6345
20250101T013509.778771,0.6184
20250101T013510.741825,0.6291
20250101T013511.699419,0.6693
20250101T013512.662099,0.6322
20250101T013513.619951,0.6366
20250101T013514.583241,0.6220
20250101T013515.540807,0.6161
20250101T013516.497846,0.6257
20250101T013517.461484,0.7196
20250101T013518.420865,0.8759
20250101T013519.377906,1.3779
20250101T013520.341174,1.3630
20250101T013521.298999,1.0165
20250101T013522.261950,1.5430
20250101T013523.220685,0.8954
20250101T013524.183325,0.9870
20250101T013525.141079,1.1383
20250101T013526.098044,0.8372
20250101T013527.061119,0.7812
20250101T013528.019360,0.7896
20250101T013528.982921,0.6603
20250101T013529.941069,0.7132
20250101T013530.897938,0.7380
20250101T013531.861278,0.6621
20250101T013532.818799,0.6116
20250101T013533.782065,0.6169
20250101T013534.740797,0.6342
20250101T013535.703510,0.6566
20250101T013536.661054,0.7117
20250101T013537.623699,0.7243
20250101T013538.581254,0.7029
20250101T013539.538227,0.6669
20250101T013540.501800,0.6648
20250101T013541.459661,0.6193
20250101T013542.422673,0.7541
20250101T013543.381529,0.6776
20250101T013544.338450,0.7946
20250101T013545.301802,0.7714
20250101T013546.259719,0.7097
20250101T013547.222673,0.7593
20250101T013548.181104,0.6229
20250101T013549.138067,0.8508
20250101T013550.103829,0.7382
20250101T013551.062305,0.8949
20250101T013552.019550,0.8161
20250101T013552.982486,0.8336
20250101T013553.940582,0.7846
20250101T013554.903616,0.8934
20250101T013555.861992,1.0443
20250101T013556.819240,0.9726
20250101T013557.782288,0.7064
20250101T013558.739861,0.9423
20250101T013559.702921,0.6902
20250101T013600.661409,0.6374
20250101T013601.624110,0.5896
20250101T013602.581600,0.6421
20250101T013603.538501,0.6233
20250101T013604.502473,0.6541
20250101T013605.461851,0.6506
20250101T013606.421799,0.6174
20250101T013607.378727,0.6208
20250101T013608.342054,0.6061
20250101T013609.299897,0.6240
20250101T013610.262538,0.6628
20250101T013611.220637,0.6552
20250101T013612.183660,0.6285
20250101T013613.141174,0.6304
20250101T013614.099754,0.6073
20250101T013615.058354,0.6585
20250101T013616.022309,0.6480
20250101T013616.980078,0.6039
20250101T013617.943680,0.6984
20250101T013618.900940,0.6367
20250101T013619.863720,0.6185
20250101T013620.821533,0.6507
20250101T013621.778438,0.6510
20250101T013622.741727,0.6253
20250101T013623.698646,0.6320
20250101T013624.661690,0.6167
20250101T013625.618611,0.6326
20250101T013626.582549,0.6369
20250101T013627.539798,0.6181
20250101T013628.503689,0.6173
20250101T013629.461745,0.5976
20250101T013630.418675,0.6298
20250101T013631.381485,0.6295
20250101T013632.344168,0.6054
20250101T013633.301700,0.6239
20250101T013634.264364,0.6838
20250101T013635.222793,0.6338
20250101T013636.181843,0.6410
20250101T013637.138792,0.5995
20250101T013638.102441,0.6226
20250101T013639.059400,0.6577
20250101T013640.023887,0.6569
20250101T013640.981091,0.6197
20250101T013641.943799,0.6088
20250101T013642.901930,0.6115
20250101T013643.858772,0.6171
20250101T013644.822427,0.6015
20250101T013645.780301,0.6002
20250101T013646.743363,0.6592
20250101T013647.700872,0.6583
20250101T013648.663867,0.6337
20250101T013649.622281,0.6120
20250101T013650.582533,0.6546
20250101T013651.539520,0.6323
20250101T013652.502847,0.6462
20250101T013653.461336,0.6234
20250101T013654.424018,0.6167
20250101T013655.382126,0.6075
20250101T013656.339006,0.6155
20250101T013657.302621,0.6780
20250101T013658.260493,0.6324
20250101T013659.223781,0.6524
20250101T013700.180437,0.6419
20250101T013701.144004,0.6506
20250101T013702.102167,0.6491
20250101T013703.059020,0.6387
20250101T013704.023344,0.6169
20250101T013704.980868,0.6243
20250101T013705.943935,0.6273
20250101T013706.901466,0.5975
20250101T013707.864468,0.6542
20250101T013708.822594,0.6260
20250101T013709.779592,0.6837
20250101T013710.742571,0.6276
20250101T013711.699516,0.6114
20250101T013712.662214,0.7272
20250101T013713.619137,0.6312
20250101T013714.582755,0.5992
20250101T013715.542389,0.6476
20250101T013716.502342,0.7989
20250101T013717.459431,0.6987
20250101T013718.422963,0.6415
20250101T013719.381572,0.6279
20250101T013720.344236,0.6035
20250101T013721.304497,0.6590
20250101T013722.262350,0.6372
20250101T013723.219409,0.7041
20250101T013724.182617,0.6156
20250101T013725.140202,0.6092
20250101T013726.103544,0.6218
20250101T013727.061914,0.6113
20250101T013728.024624,0.5884
20250101T013728.981851,0.6299
20250101T013729.944543,0.6136
20250101T013730.901812,0.6355
20250101T013731.864515,0.6843
20250101T013732.822639,0.6450
20250101T013733.779683,0.6416
20250101T013734.742703,0.6130
20250101T013735.699607,0.6301
20250101T013736.663488,0.6318
20250101T013737.620733,0.6315
20250101T013738.583860,0.6122
20250101T013739.541459,0.6058
20250101T013740.504157,0.6096
20250101T013741.462626,0.6249
20250101T013742.425329,0.6048
20250101T013743.382785,0.6474
20250101T013744.339789,0.6437
20250101T013745.303409,0.6379
20250101T013746.263029,0.6208
20250101T013747.219972,0.6256
20250101T013748.183638,0.6481
20250101T013749.140904,0.6895
20250101T013750.099733,0.6459
20250101T013751.063283,0.6200
20250101T013752.022342,0.6285
20250101T013752.985367,0.6186
20250101T013753.943553,0.6428
20250101T013754.900464,0.6770
20250101T013755.864124,0.6631
20250101T013756.821049,0.6275
20250101T013757.779612,0.6469
20250101T013758.742934,0.6222
20250101T013759.699876,0.7743
20250101T013800.663234,0.6680
20250101T013801.620267,0.6391
20250101T013802.583332,0.6162
20250101T013803.540239,0.6268
20250101T013804.503189,0.6231
20250101T013805.460221,0.5992
20250101T013806.423899,0.6154
20250101T013807.381115,0.6060
20250101T013808.344139,0.6187
20250101T013809.303209,0.6068
20250101T013810.261374,0.6622
20250101T013811.224419,0.6758
20250101T013812.183558,0.6562
20250101T013813.140542,0.6183
20250101T013814.103639,0.6296
20250101T013815.063089,0.5971
20250101T013816.025471,0.6298
20250101T013816.983347,0.5804
20250101T013817.940308,0.7106
20250101T013818.903375,0.6760
20250101T013819.861211,0.6439
20250101T013820.824916,0.6328
20250101T013821.783429,0.6061
20250101T013822.740374,0.6331
20250101T013823.703363,0.6745
20250101T013824.660258,0.6298
20250101T013825.623917,0.7649
20250101T013826.581166,0.6361
20250101T013827.543960,0.6488
20250101T013828.502568,0.5909
20250101T013829.465332,0.5999
20250101T013830.424071,0.6561
20250101T013831.381608,0.6402
20250101T013832.345277,0.6392
20250101T013833.304294,0.6821
20250101T013834.262768,0.5959
20250101T013835.225520,0.6348
20250101T013836.184297,0.8580
20250101T013837.142192,0.6650
20250101T013838.104933,0.6331
20250101T013839.063428,0.6322
20250101T013840.020345,0.6067
20250101T013840.983973,0.6354
20250101T013841.940898,0.6462
20250101T013842.904851,0.6323
20250101T013843.863331,0.6256
20250101T013844.820233,0.6342
20250101T013845.784458,0.5934
20250101T013846.741757,0.6309
20250101T013847.704782,0.6241
20250101T013848.662995,0.6618
20250101T013849.625956,0.6227
20250101T013850.583633,0.6175
20250101T013851.540490,0.6231
20250101T013852.503589,0.6308
20250101T013853.460774,0.6229
20250101T013854.425018,0.6223
20250101T013855.384115,0.6403
20250101T013856.341592,0.6446
20250101T013857.304914,0.6581
20250101T013858.263730,0.6088
20250101T013859.220768,0.6497
20250101T013900.183896,0.6320
20250101T013901.140857,0.6419
20250101T013902.104191,0.6379
20250101T013903.061194,0.6216
20250101T013904.024577,0.6019
20250101T013904.982540,0.7745
20250101T013905.945265,0.6879
20250101T013906.903777,0.6242
20250101T013907.860928,0.6261
20250101T013908.824793,0.6308
20250101T013909.782094,0.6225
20250101T013910.745219,0.6553
20250101T013911.703675,0.8551
20250101T013912.666408,0.6864
20250101T013913.623982,0.7182
20250101T013914.580980,0.6220
20250101T013915.544299,0.6164
20250101T013916.501221,0.6190
20250101T013917.464504,0.6336
20250101T013918.424227,0.6152
20250101T013919.384155,0.6169
20250101T013920.341362,0.6039
20250101T013921.304706,0.6675
20250101T013922.262563,0.6415
20250101T013923.225234,0.6410
20250101T013924.182229,0.6179
20250101T013925.145140,0.6221
20250101T013926.103935,0.6225
20250101T013927.066622,0.6100
20250101T013928.024754,0.6363
20250101T013928.981748,0.7112
20250101T013929.944721,0.6519
20250101T013930.901994,0.6651
20250101T013931.864703,0.6159
20250101T013932.821642,0.6243
20250101T013933.785018,0.6126
20250101T013934.743037,0.6558
20250101T013935.705781,0.6019
20250101T013936.663514,0.6117
20250101T013937.626193,0.6108
20250101T013938.584410,0.6299
20250101T013939.541366,0.6276
20250101T013940.505734,0.6784
20250101T013941.464430,0.6149
20250101T013942.421381,0.6146
20250101T013943.384994,0.6078
20250101T013944.342321,0.6175
20250101T013945.305058,0.5984
20250101T013946.262355,0.6592
20250101T013947.225676,0.8578
20250101T013948.183782,0.6986
20250101T013949.146513,0.6221
20250101T013950.111237,0.6225
20250101T013951.065139,0.6605
20250101T013952.022428,0.6311
20250101T013952.985496,0.5991
20250101T013953.943187,0.6196
20250101T013954.905846,0.6241
20250101T013955.863097,0.6316
20250101T013956.826385,0.6151
20250101T013957.785457,0.5957
20250101T013958.743363,0.6526
20250101T013959.706042,0.8609
20250101T014000.663287,0.8670
20250101T014001.626325,0.6876
20250101T014002.584787,0.6255
20250101T014003.541798,0.6181
20250101T014004.501528,0.6171
20250101T014005.465743,0.6696
20250101T014006.422684,0.6214
20250101T014007.385762,0.6062
20250101T014008.343387,0.6581
20250101T014009.306049,0.6167
20250101T014010.263650,0.6184
20250101T014011.226341,0.6556
20250101T014012.184198,0.7353
20250101T014013.146920,0.6342
20250101T014014.104768,0.6124
20250101T014015.061708,0.6462
20250101T014016.025668,0.7218
20250101T014016.982947,0.7841
20250101T014017.945648,0.6018
20250101T014018.902820,0.6415
20250101T014019.866213,0.6711
20250101T014020.824717,0.5983
20250101T014021.787512,0.6064
20250101T014022.745300,0.6587
20250101T014023.702156,0.6758
20250101T014024.665169,0.6868
20250101T014025.622711,0.5864
20250101T014026.586338,0.6117
20250101T014027.544862,0.6036
20250101T014028.507602,0.6372
20250101T014029.464532,0.7972
20250101T014030.427209,0.7214
20250101T014031.384190,0.6301
20250101T014032.347243,0.6473
20250101T014033.305162,0.5821
20250101T014034.264293,0.7055
20250101T014035.222464,0.7899
20250101T014036.186384,0.6514
20250101T014037.143420,0.6421
20250101T014038.106696,0.6626
20250101T014039.065159,0.6190
20250101T014040.022064,0.6254
20250101T014040.985473,0.7904
20250101T014041.942464,0.6661
20250101T014042.905766,0.7682
20250101T014043.863301,0.6532
20250101T014044.826676,0.6787
20250101T014045.786032,0.6283
20250101T014046.744563,0.7690
20250101T014047.707583,0.6536
20250101T014048.665441,0.6225
20250101T014049.622408,0.6097
20250101T014050.582197,0.8036
20250101T014051.547297,0.6419
20250101T014052.504475,0.7708
20250101T014053.467177,0.8393
20250101T014054.425083,0.6848
20250101T014055.382068,0.6346
20250101T014056.345701,0.6311
20250101T014057.302667,0.7740
20250101T014058.266933,0.6124
20250101T014059.225403,0.7441
20250101T014100.188131,0.6818
20250101T014101.146928,0.7761
20250101T014102.105648,0.6644
20250101T014103.062638,0.7700
20250101T014104.026602,0.9383
20250101T014104.983593,0.9104
20250101T014105.947198,0.7982
