Time Start,Time End,Time Avg,Time Leap,Data Point,T0 Max,T0 Min,T0 Avg,T0 Std,T1 Max,T1 Min,T1 Avg,T1 Std,T2 Max,T2 Min,T2 Avg,T2 Std,T3 Max,T3 Min,T3 Avg,T3 Std
2024-07-24 11:01:36.506027,2024-07-24 11:06:37.088475,2024-07-24 11:04:07.328915,0:05:00.582448,314,99.2907409668,95.9998474121,97.52547564172548,0.8963519967080252,52.5588874817,50.3297195435,51.42785467159809,0.5876509233872621,30.1521606445,28.0534610748,29.129229952577067,0.45047709883485454,23.2327766418,21.145324707,22.177093718459556,0.4827386462239513
2024-07-24 11:06:38.051106,2024-07-24 11:11:38.531437,2024-07-24 11:09:08.773474,0:05:00.480331,314,98.6742630005,94.6271514893,96.64299188601369,0.9403017053837622,52.3122367859,49.3855895996,50.858929008437265,0.6144224336080374,29.9323310852,27.908618927,28.960549360623887,0.4423092601922454,23.1674442291,21.0709533691,22.030667256399685,0.455329447689832
2024-07-24 11:11:39.494085,2024-07-24 11:16:39.976818,2024-07-24 11:14:10.216891,0:05:00.482733,314,97.1783599854,93.6330566406,95.43774603582642,0.8683749633188704,51.2631607056,48.7993164062,50.167779533729934,0.554477039075029,29.5664176941,27.7170658112,28.61827949961274,0.4329146458377616,22.766992569,20.877532959,21.843499590634078,0.44191139370039284
2024-07-24 11:16:40.934358,2024-07-24 11:21:41.422594,2024-07-24 11:19:11.656498,0:05:00.488236,314,95.7757797241,92.6374969482,94.39524219294076,0.7144604893561997,50.6461868286,48.3061828613,49.63170239879586,0.5153908438575447,29.2637443542,27.3021793365,28.383094957677706,0.42499418699530045,22.7761535645,20.581829071,21.71715053631178,0.4543939975804473
2024-07-24 11:21:42.382470,2024-07-24 11:26:42.866381,2024-07-24 11:24:13.103872,0:05:00.483911,314,95.1304168701,92.4512863159,93.8813570593586,0.6673337443940642,50.4426078796,48.3813056946,49.3064449213121,0.48436314855603313,29.1672477722,27.3754997253,28.150235990051275,0.43493956978273246,22.5796318054,20.5559577942,21.532826265713055,0.4661187645347883
2024-07-24 11:26:43.824809,2024-07-24 11:31:44.307135,2024-07-24 11:29:14.547691,0:05:00.482326,314,94.9942398071,92.2141571045,93.72697830200191,0.6520177496467007,50.375617981,48.1817703247,49.20496919959873,0.46540771933310654,29.0869026184,27.3663272858,28.11901670200669,0.3997678554200829,22.6279792786,20.6237792969,21.41975908826083,0.4313062861289663
2024-07-24 11:31:45.270104,2024-07-24 11:36:45.748965,2024-07-24 11:34:15.991197,0:05:00.478861,314,94.0336151123,91.0864181519,92.78403953989617,0.6457118473313529,49.7021179199,47.4766464233,48.68807181583216,0.46030812397609105,28.8088684082,26.9057617188,27.913078138021977,0.40937232434768644,22.3286380768,20.4208011627,21.34836334179809,0.4375088480593668
2024-07-24 11:36:46.712810,2024-07-24 11:41:47.191978,2024-07-24 11:39:17.434618,0:05:00.479168,314,93.4703903198,89.7972793579,91.53563167790796,0.8291256076894659,49.2631454468,46.7949028015,48.00699329983662,0.5430109679574628,28.5937385559,26.5281429291,27.539645936080255,0.44993800765344416,22.2729740143,20.1435184479,21.115315413020063,0.475394710031618
2024-07-24 11:41:48.156226,2024-07-24 11:46:48.635537,2024-07-24 11:44:18.877247,0:05:00.479311,314,92.4692993164,89.5365371704,90.74689661013917,0.6486588246327516,48.8789596558,46.6011657715,47.62237200159936,0.4853841047562558,28.4590396881,26.5899047852,27.42148961838503,0.43171466754082166,22.0579223633,19.999786377,20.963629910903183,0.44664587735037875
2024-07-24 11:46:49.600011,2024-07-24 11:51:50.082557,2024-07-24 11:49:20.318243,0:05:00.482546,314,91.6031799316,89.1451187134,90.20062450238886,0.640770093868445,48.4127426147,46.4437942505,47.31434792925223,0.4943269905090138,28.314617157,26.4318122864,27.28186301820669,0.4370526884265973,22.2213191986,19.9654541016,20.906131932690126,0.47347190921618065
2024-07-24 11:51:51.040433,2024-07-24 11:56:35.203652,2024-07-24 11:26:42.866381,0:04:44.163219,297,91.196472168,87.9302825928,89.31628068609561,0.6907008361991145,48.0357780457,45.9024581909,46.77228359903131,0.5058617846347905,27.998041153,26.2264347076,26.968667219786195,0.4434752114356387,21.7324771881,19.6444816589,20.692289134066332,0.48555224918608986
2024-08-11 19:01:35.739087,2024-08-11 19:06:36.317408,2024-08-11 19:04:06.552822,0:05:00.578321,314,116.015640259,112.735191345,114.28771552310509,0.801754041386003,63.3304328918,60.8625984192,61.94012768253599,0.5832315576389425,35.6179924011,33.5733261108,34.477195302393945,0.46012735199979216,26.7014274597,24.7866096497,25.652998219629616,0.43624227037129365
2024-08-11 19:06:37.278906,2024-08-11 19:11:37.759846,2024-08-11 19:09:08.000000,0:05:00.480940,314,116.213180542,113.228439331,114.69693627328024,0.7522302164837588,63.3273696899,61.1901855469,62.18874610609363,0.5465173239493971,35.6518974304,33.8069992065,34.60800438170254,0.4423225403607237,26.838848114,24.9455871582,25.718769614105096,0.43406747071990853
2024-08-11 19:11:38.721954,2024-08-11 19:16:39.203140,2024-08-11 19:14:09.444337,0:05:00.481186,314,116.693069458,113.840614319,115.15701784754775,0.7173055165261524,63.8730392456,61.5348739624,62.488359171871025,0.57097591003767,35.8204116821,33.9295120239,34.72738732501879,0.4721144748597925,26.828502655,24.8981742859,25.777920637917834,0.45839302672466
2024-08-11 19:16:40.166096,2024-08-11 19:21:40.645237,2024-08-11 19:19:10.886740,0:05:00.479141,314,116.774147034,113.464904785,115.04342257748408,0.8718093911576307,63.675239563,61.1629219055,62.41709545159554,0.6291620671858684,35.7118606567,33.8212051392,34.66637278514076,0.4838978377466438,26.9180717468,24.8243045807,25.776930511380257,0.47706858073509034
2024-08-11 19:21:41.610217,2024-08-11 19:26:42.094167,2024-08-11 19:24:12.332175,0:05:00.483950,314,116.443077087,113.402320862,114.62529740059236,0.8015541431667577,63.5471420288,61.1532897949,62.16797569906688,0.596228257744867,35.6037788391,33.7337265015,34.580242764420376,0.4780495252589173,26.8284301758,24.7634830475,25.673409808215286,0.47768106662153353
2024-08-11 19:26:43.052927,2024-08-11 19:31:43.532353,2024-08-11 19:29:13.773025,0:05:00.479426,314,116.25213623,113.420372009,114.84124245613056,0.7283982182713707,63.5525894165,61.1516647339,62.26061814909522,0.5542842855742561,35.6945304871,33.7609786987,34.6500078675105,0.4453589359923116,26.9448242188,24.8236694336,25.790977490178342,0.46954445032810566
2024-08-11 19:31:44.495996,2024-08-11 19:36:44.976137,2024-08-11 19:34:15.214855,0:05:00.480141,314,117.533958435,114.214393616,115.67129358666563,0.6968904124217531,64.1244888306,61.8221855164,62.8195615148828,0.5183943859574629,36.0109558105,33.9552307129,34.92754633715032,0.45837100808334746,27.4199714661,24.8091430664,26.130399054020064,0.4980676639516372
2024-08-11 19:36:45.939963,2024-08-11 19:41:46.421613,2024-08-11 19:39:16.659144,0:05:00.481650,314,117.97013855,115.035720825,116.29790071623567,0.7083958280110653,64.4683532715,62.26537323,63.21455506002771,0.5381374679449349,36.3202819824,34.3667297363,35.17270187815605,0.4615068856616564,27.4044551849,25.4003181458,26.268163286195545,0.4717929192058632
2024-08-11 19:41:47.379181,2024-08-11 19:46:47.868559,2024-08-11 19:44:18.102831,0:05:00.489378,314,118.673057556,115.336158752,117.03048453361463,0.7150862874338213,64.989616394,62.226234436,63.60072938955541,0.5843855921172453,36.4886665344,34.1110610962,35.25249986587993,0.48735687780073894,27.583190918,25.4411373138,26.43739513227293,0.47046784881311504
2024-08-11 19:46:48.827969,2024-08-11 19:51:49.308017,2024-08-11 19:49:19.550108,0:05:00.480048,314,118.800941467,116.328811646,117.4442404485796,0.60895650012504,64.9749069214,62.8596611023,63.852407163879626,0.519654838055187,36.4513931274,34.493560791,35.439989551618154,0.4635104581836698,27.5860710144,25.6618595123,26.51898962373153,0.4584879891272522
2024-08-11 19:51:50.271897,2024-08-11 19:56:34.432546,2024-08-11 19:26:42.094167,0:04:44.160649,297,118.802810669,116.71257019,117.5271330297239,0.5469445452145272,64.9856719971,63.1564865112,63.85359184188114,0.47601833773886254,36.4332199097,34.6539993286,35.38603004943334,0.4380648920474437,27.5707759857,25.5937252045,26.440073437159935,0.4709179139220695
2025-01-02 01:01:36.356480,2025-01-02 01:06:36.991658,2025-01-02 01:04:07.228486,0:05:00.635178,314,164.162139893,159.463226318,161.81425417759235,1.2229493280598278,93.8510894775,90.3272705078,92.08001696835892,0.9224137188135636,51.3995056152,48.9306411743,50.15349261776178,0.6005033694086723,38.2772750854,35.5379333496,36.98231330190956,0.6913913200600971
2025-01-02 01:06:37.947614,2025-01-02 01:11:38.434315,2025-01-02 01:09:08.670221,0:05:00.486701,314,162.830764771,158.438049316,160.63025009252232,1.1959493956830347,93.0235443115,89.3429107666,91.24423514202132,0.9359724195685137,51.0471382141,48.3830070496,49.705025739731845,0.5916102329937476,38.2179336548,35.0272445679,36.77506666729904,0.672362680057845
2025-01-02 01:11:39.390387,2025-01-02 01:16:39.878774,2025-01-02 01:14:10.115949,0:05:00.488387,314,161.358474731,156.731231689,159.24235568686942,1.1591320103340474,91.884803772,88.2396469116,90.12182592890191,0.8758835524333524,50.4544868469,47.8906364441,49.19110294512197,0.5828706688395165,37.5711135864,34.9380989075,36.296384386198724,0.6020176135374652
2025-01-02 01:16:40.839036,2025-01-02 01:21:41.322274,2025-01-02 01:19:11.560244,0:05:00.483238,314,159.95135498,155.11895752,157.53794909435348,1.2596453263133964,90.7285919189,86.9107131958,88.87987421120764,0.9649183607138446,49.7139892578,47.0931396484,48.47608554135478,0.6209383025315095,37.2017402649,34.4136428833,35.91151204686178,0.6483334546637566
2025-01-02 01:21:42.281606,2025-01-02 01:26:42.766810,2025-01-02 01:24:13.004655,0:05:00.485204,314,158.004379272,154.588989258,156.2899407064618,0.8593428358138145,89.2928619385,86.6374053955,87.93062477354809,0.6439537771328123,49.0587844849,46.9588317871,47.96580168851847,0.4771590054090447,36.7448043823,34.1876106262,35.4989365255793,0.5905874942169161
2025-01-02 01:26:43.726440,2025-01-02 01:31:44.207692,2025-01-02 01:29:14.448273,0:05:00.481252,314,157.229598999,154.173675537,155.69774379854778,0.8158327982978975,88.7157745361,86.1942062378,87.48812091122834,0.6348945844583306,48.6856765747,46.5300178528,47.71326204773949,0.48716086884558013,36.4983406067,34.0276489258,35.26958536038758,0.617423853549925
2025-01-02 01:31:45.170320,2025-01-02 01:36:45.654807,2025-01-02 01:34:15.890313,0:05:00.484487,314,156.620452881,153.931182861,155.25835758866242,0.7570328775992885,88.3544769287,86.1787948608,87.23749493641465,0.5847598943876446,48.644908905,46.7085151672,47.61659850588471,0.4550624189120943,36.4738693237,33.9826049805,35.25971874310445,0.5947298972535037
2025-01-02 01:36:46.613493,2025-01-02 01:41:47.097355,2025-01-02 01:39:17.333464,0:05:00.483862,314,156.238586426,153.141387939,154.87355561469744,0.8336126510478065,88.2868423462,85.5462799072,87.0193696234656,0.6674181615281529,48.599067688,46.4189033508,47.51550482488726,0.4946853310202913,36.562828064,33.7856445312,35.176373499975476,0.5820048347753404
2025-01-02 01:41:48.054315,2025-01-02 01:46:48.540537,2025-01-02 01:44:18.778081,0:05:00.486222,314,155.850982666,153.028900146,154.303314937914,0.7084031442684289,87.9168319702,85.4585571289,86.67038823996465,0.5825374907978454,48.2780456543,46.4077568054,47.35449008577229,0.4425658273878356,36.2722053528,33.9969406128,35.14479611633663,0.49961282899097803
2025-01-02 01:46:49.498120,2025-01-02 01:51:49.984765,2025-01-02 01:49:20.225211,0:05:00.486645,314,155.067199707,152.946258545,154.05695683182805,0.5474024362214255,87.3206787109,85.4452438354,86.4842968108516,0.47969009997192635,48.1661186218,46.477180481,47.2827212704207,0.41581919608114715,36.0876083374,33.882598877,35.112805360445854,0.458208936191579
2025-01-02 01:51:50.942021,2025-01-02 01:56:35.105623,2025-01-02 01:26:42.766810,0:04:44.163602,297,155.04788208,152.175094604,153.81033150513468,0.8620048860413081,87.4896392822,84.9724349976,86.31365725327879,0.7181856701430163,48.195476532,46.2278137207,47.1611211115229,0.5200027139385278,36.196434021,33.6426086426,34.97551998305455,0.6035057285490527
2025-01-02 03:01:35.969210,2025-01-02 03:06:36.554364,2025-01-02 03:04:06.800136,0:05:00.585154,314,152.436065674,149.134399414,150.74107749598406,0.9030526718495687,86.2243881226,83.4309921265,84.66602094614078,0.6761937931722904,47.4694023132,45.3678894043,46.37124515946529,0.516164260617157,35.8459892273,33.0055732727,34.37630856265,0.701953481121049
2025-01-02 03:06:37.517373,2025-01-02 03:11:37.997678,2025-01-02 03:09:08.238802,0:05:00.480305,314,152.80229187,148.880584717,150.81417725193313,1.132870506203511,86.2597198486,83.3111572266,84.78450745989555,0.8052124571265348,47.7228622437,45.415019989,46.49538326870765,0.5538230802381602,35.9497299194,33.1159667969,34.54506863150733,0.6963470617801242
2025-01-02 03:11:38.960725,2025-01-02 03:16:39.444322,2025-01-02 03:14:09.681939,0:05:00.483597,314,152.403900146,148.652923584,150.35320170214968,1.0758277396247138,86.077293396,83.229057312,84.52326540126624,0.7645259183785853,47.6442947388,45.3935050964,46.37671779219491,0.5307701609598416,35.8507080078,33.2347640991,34.52699643031688,0.674543075973294
2025-01-02 03:16:40.401478,2025-01-02 03:21:40.887669,2025-01-02 03:19:11.124303,0:05:00.486191,314,151.562210083,148.660171509,150.17538403554778,0.881236052106925,85.8055496216,83.2607650757,84.47752341495159,0.6539247581681629,47.4103775024,45.394329071,46.350288694829935,0.4996446680542595,35.8251266479,33.1549491882,34.47397074122357,0.6533064523180544
2025-01-02 03:21:41.850864,2025-01-02 03:26:42.333613,2025-01-02 03:24:12.567414,0:05:00.482749,314,151.875137329,148.569000244,150.1080011258567,0.9087683842787664,85.7977218628,83.2334823608,84.40645555629744,0.6907519081453903,47.5181350708,45.3949661255,46.32989254118853,0.5337118756715256,35.8468322754,33.1390075684,34.4762908546793,0.6876121853985934
2025-01-02 03:26:43.290772,2025-01-02 03:31:43.774429,2025-01-02 03:29:14.015883,0:05:00.483657,314,151.755218506,148.685760498,150.08479853342675,0.7674931687563495,85.8690719604,83.1857910156,84.39387879098216,0.6248437888152386,47.5430488586,45.483959198,46.33722449867452,0.49690249964683314,35.8698234558,33.1933898926,34.51355460342803,0.6555017861778507
2025-01-02 03:31:44.737725,2025-01-02 03:36:45.216648,2025-01-02 03:34:15.457945,0:05:00.478923,314,152.072357178,149.1875,150.52388384386305,0.7557920343041472,86.1650543213,83.7462234497,84.7670272292605,0.6278980816106323,47.7640457153,45.6857223511,46.54296407274586,0.4851417127672784,36.0712509155,33.3554763794,34.64815871123026,0.6532127422313241
2025-01-02 03:36:46.179716,2025-01-02 03:41:46.661448,2025-01-02 03:39:16.903513,0:05:00.481732,314,153.03012085,149.872161865,151.10136627391086,0.7900267518287928,86.8584213257,84.1802520752,85.26981441230541,0.6388368751952397,47.9665641785,45.9890213013,46.79773028185764,0.49077887092850375,36.2036628723,33.7120285034,34.92864583252197,0.6069722917590121
2025-01-02 03:41:47.624747,2025-01-02 03:46:48.106905,2025-01-02 03:44:18.344147,0:05:00.482158,314,154.116241455,150.673492432,152.21838218545224,0.852001386725961,87.6166152954,84.8101043701,86.06696783660892,0.6927060578896519,48.4361343384,46.2093276978,47.22057581859013,0.5196688924153321,36.7325553894,34.0023422241,35.225109124637584,0.5996934137991864
2025-01-02 03:46:49.065024,2025-01-02 03:51:49.553529,2025-01-02 03:49:19.792053,0:05:00.488505,314,154.77192688,151.917816162,153.38588947855735,0.70810609592233,88.2535629272,85.7079544067,86.9497102871067,0.60717965652193,48.8192443848,46.7448730469,47.742294299373576,0.4977938736550158,36.8589286804,34.5976257324,35.59826216728089,0.536981590823194
2025-01-02 03:51:50.512007,2025-01-02 03:56:34.673013,2025-01-02 03:26:42.333613,0:04:44.161006,297,155.658050537,152.925033569,154.07944198250843,0.6617945972716355,89.0270385742,86.63671875,87.45021537497946,0.5444500664459728,49.2259407043,47.2275505066,47.968115732726936,0.4692189941662773,37.0428161621,34.6540336609,35.61979129418619,0.5502240349881272
2025-01-02 05:01:35.825848,2025-01-02 05:06:36.411604,2025-01-02 05:04:06.649302,0:05:00.585756,314,155.822479248,152.051971436,153.91495426443313,1.0571761202406136,88.4460983276,85.7871322632,87.168841173693,0.7505641233471902,48.9213867188,46.7245178223,47.786044309095224,0.5176867715223514,36.5876541138,34.019947052,35.38040735767357,0.6556630940538901
2025-01-02 05:06:37.372086,2025-01-02 05:11:37.854871,2025-01-02 05:09:08.094069,0:05:00.482785,314,155.501922607,152.428436279,153.90172445701592,0.8626456878152484,88.6048126221,86.1445236206,87.29728985440255,0.6556634544858707,49.1898994446,46.9045906067,47.922889174927384,0.5085698306141211,37.0196609497,34.1354675293,35.517212703725484,0.660731808632618
2025-01-02 05:11:38.815815,2025-01-02 05:16:39.297407,2025-01-02 05:14:09.534382,0:05:00.481592,314,155.619049072,152.556060791,154.15310110102865,0.9220899671402292,88.8738555908,86.3009796143,87.56158342786816,0.6840600307951075,49.2961540222,47.0209732056,48.05565271559808,0.5104794248528459,37.1389045715,34.2715759277,35.5875606536863,0.6796864616798668
2025-01-02 05:16:40.258879,2025-01-02 05:21:40.739965,2025-01-02 05:19:10.981409,0:05:00.481086,314,156.493011475,153.0887146,154.79365014725795,0.8122672360895945,89.4521636963,86.7523803711,88.11384635974012,0.6405377460465801,49.5234451294,47.353187561,48.352833559557325,0.4921109592237242,37.2850112915,34.4274482727,35.82839830969331,0.6651353442906532
2025-01-02 05:21:41.703312,2025-01-02 05:26:42.185611,2025-01-02 05:24:12.424995,0:05:00.482299,314,157.399490356,154.235748291,155.8783907070223,0.7466443741191158,90.3893585205,87.7762527466,88.9722304860484,0.6089660708204049,49.9366378784,48.0055046082,48.81749699829618,0.4549640227396087,37.4506607056,34.9959602356,36.1717332730621,0.5904950332254548
2025-01-02 05:26:43.147456,2025-01-02 05:31:43.627850,2025-01-02 05:29:13.866542,0:05:00.480394,314,159.584259033,155.421875,157.1688745583758,0.9699465642696858,91.5617446899,88.7345733643,89.97253468993503,0.6998161708966231,50.513130188,48.4283370972,49.39148703654044,0.48745457427705197,38.0308761597,35.5687026978,36.5730046314844,0.5814582622341581
2025-01-02 05:31:44.590512,2025-01-02 05:36:45.073334,2025-01-02 05:34:15.314362,0:05:00.482822,314,161.26210022,156.247390747,158.73799138157005,1.2923678730830046,92.929107666,89.2144317627,91.06214253613949,0.8951223931856419,51.3348464966,48.6280136108,49.8974393127828,0.5756319271699218,38.5332107544,36.1962356567,37.068546161528026,0.5540479350120203
2025-01-02 05:36:46.035135,2025-01-02 05:41:46.519177,2025-01-02 05:39:16.758134,0:05:00.484042,314,163.076019287,157.446136475,160.2349826302452,1.424940663530235,94.2769927979,90.1021270752,92.08648368203663,1.0632801882917449,52.1482772827,48.9723930359,50.51614737055191,0.7095271847038044,39.132068634,36.328868866,37.4316509757086,0.6485903444191062
2025-01-02 05:41:47.474941,2025-01-02 05:46:47.959638,2025-01-02 05:44:18.202579,0:05:00.484697,314,163.211578369,159.407913208,161.34572504128025,0.8282537604744025,94.6042175293,91.2852325439,92.91281779100828,0.7055601561465015,52.2876281738,49.8707199097,50.94017792962867,0.5512806838461818,39.2232437134,36.4318733215,37.69581621011847,0.6238928948794457
2025-01-02 05:46:48.923241,2025-01-02 05:51:49.407960,2025-01-02 05:49:19.645953,0:05:00.484719,314,162.920928955,160.180908203,161.38685155978345,0.695840585509813,94.179397583,91.9936752319,92.99890107561625,0.5609753956592706,52.0118713379,50.1303405762,50.96129723567294,0.46067615813240825,38.9731140137,36.3189888,37.66507024825956,0.6300413898112276
2025-01-02 05:51:50.364347,2025-01-02 05:56:34.528708,2025-01-02 05:26:42.185611,0:04:44.164361,297,162.660888672,160.178894043,161.20348468613133,0.629619645065573,94.1562347412,92.0463485718,92.87937251646566,0.5259554126294039,52.011089325,50.1922721863,50.875563714643775,0.4562497779319893,39.0677604675,36.4262886047,37.58467031408047,0.6766209703305597
2025-01-02 07:01:36.445728,2025-01-02 07:06:37.032392,2025-01-02 07:04:07.269032,0:05:00.586664,314,165.656906128,163.882141113,164.81803461547452,0.43056664411294227,97.1545410156,95.2471847534,96.2157237787895,0.41599487407775043,53.8273239136,52.0702514648,52.8821485847414,0.41024513084614,40.4442024231,37.9850959778,39.24205729004745,0.5297082172789297
2025-01-02 07:06:37.993217,2025-01-02 07:11:38.476969,2025-01-02 07:09:08.714132,0:05:00.483752,314,166.037078857,163.281524658,164.6510996241433,0.6795213398477661,97.2613372803,94.8859100342,96.03454677314555,0.5980453086900867,53.7986755371,51.8008728027,52.78539704973152,0.4902034134890264,40.3826980591,37.6879081726,39.11637264907675,0.6178388744872947
2025-01-02 07:11:39.432420,2025-01-02 07:16:39.920206,2025-01-02 07:14:10.157239,0:05:00.487786,314,166.068252563,162.714141846,164.42000885982483,0.8375776014799058,97.3159637451,94.591003418,95.91274125408886,0.6994794502636272,53.962726593,51.6040153503,52.782617265252235,0.5411171906571615,40.4746398926,37.8812561035,39.20173918365669,0.6282298389504845
2025-01-02 07:16:40.876533,2025-01-02 07:21:41.363904,2025-01-02 07:19:11.601494,0:05:00.487371,314,165.76348877,161.203353882,164.0249791722325,0.974499627122208,97.1609649658,93.3873519897,95.62580662624299,0.8128044074238909,53.9305038452,51.1478767395,52.594189018199366,0.5806054040606934,40.4423751831,37.2777824402,39.025577375081845,0.6716684736448597
2025-01-02 07:21:42.321170,2025-01-02 07:26:42.806626,2025-01-02 07:24:13.042093,0:05:00.485456,314,165.556671143,159.322952271,162.89176041912737,1.6641873681719896,96.9029388428,92.2464370728,94.82813496194808,1.2155538868937228,53.5350418091,50.6353874207,52.151073200686625,0.7431870177573258,40.0798835754,36.9643058777,38.66958935245733,0.7902635533160889
2025-01-02 07:26:43.768389,2025-01-02 07:31:44.251945,2025-01-02 07:29:14.485971,0:05:00.483556,314,164.639526367,157.900726318,160.99251240532803,2.025937725234744,96.2972259521,91.2713241577,93.59246517594522,1.4351171718236786,53.1544418335,49.9620170593,51.50562471037197,0.8213271569490312,39.8412475586,36.4810714722,38.28759534799586,0.83748298594447
2025-01-02 07:31:45.207940,2025-01-02 07:36:45.693530,2025-01-02 07:34:15.934302,0:05:00.485590,314,162.425231934,156.707092285,159.0545853535414,1.3222640008280597,94.5684661865,90.3061981201,92.23527395649363,0.9292485678765746,52.2271194458,49.4625549316,50.79688897102452,0.5747664164712513,39.0744819641,36.4763374329,37.87906339365987,0.6613449262754789
2025-01-02 07:36:46.656154,2025-01-02 07:41:47.135038,2025-01-02 07:39:17.375959,0:05:00.478884,314,159.929763794,155.654998779,157.91639500515603,1.0759160163459465,92.9680328369,89.8281021118,91.42155978937899,0.7768571676508816,51.4695053101,49.1925544739,50.31855713182357,0.5328447558822874,38.7827339172,35.9634475708,37.54290892971561,0.6309912438794696
2025-01-02 07:41:48.097443,2025-01-02 07:46:48.579415,2025-01-02 07:44:18.817624,0:05:00.481972,314,159.501998901,155.794647217,157.7175816821656,0.9071883068287812,92.5755691528,89.895324707,91.34740571914871,0.6438310829824043,51.4476013184,49.1770515442,50.36149898456051,0.47107276106146256,38.7281684875,36.0871353149,37.485383562221976,0.6051022240755723
2025-01-02 07:46:49.542663,2025-01-02 07:51:50.022808,2025-01-02 07:49:20.264905,0:05:00.480145,314,161.28237915,156.726837158,158.9365164398344,1.084148240503447,93.9362411499,90.8103866577,92.21363529278185,0.7888963090106207,52.0584716797,49.6836967468,50.797982902282484,0.5292608519950753,39.1899337769,36.787273407,37.826613371540766,0.5403977032257792
2025-01-02 07:51:50.986439,2025-01-02 07:56:35.148891,2025-01-02 07:26:42.806626,0:04:44.162452,297,161.909912109,157.875701904,160.3449189156936,0.8768226358811698,94.5459213257,91.3127975464,93.17551923039022,0.6945246194529224,52.4896240234,50.0311203003,51.338845095649496,0.5191460636742433,39.5044670105,37.1590957642,38.10497246687744,0.5787846896381678
2025-01-02 10:01:36.065966,2025-01-02 10:06:36.638844,2025-01-02 10:04:06.880386,0:05:00.572878,314,183.234451294,181.380584717,182.19619231011785,0.4790099837978234,111.958045959,110.13584137,110.90805738899044,0.4781409129618218,62.3572807312,60.5186767578,61.29895137373981,0.4495808826470281,46.3699226379,44.1639328003,45.17001049989268,0.5225628902778413
2025-01-02 10:06:37.600285,2025-01-02 10:11:38.082784,2025-01-02 10:09:08.322108,0:05:00.482499,314,183.379959106,181.458602905,182.3772918312484,0.5349998506549843,112.18447113,110.127914429,111.05012633694585,0.5334304296547475,62.4135818481,60.6050109863,61.39804461047931,0.46508196729146917,46.5470695496,44.1530342102,45.33307005038121,0.5381020588014112
2025-01-02 10:11:39.045504,2025-01-02 10:16:39.526673,2025-01-02 10:14:09.764072,0:05:00.481169,314,183.588867188,181.097747803,182.29547692561147,0.628038885825305,112.120361328,109.803451538,110.96401651955095,0.5855462975183623,62.477191925,60.3829650879,61.35968064958121,0.4917280879817382,46.3659744263,44.2859382629,45.334703032381206,0.5081824975798275
2025-01-02 10:16:40.490499,2025-01-02 10:21:40.972838,2025-01-02 10:19:11.211949,0:05:00.482339,314,183.26071167,180.609588623,181.9449255390605,0.6996421478211495,112.132385254,109.28452301,110.67634686999043,0.6849607566996994,62.329826355,60.0441169739,61.1869040568156,0.5320158853341468,46.3101425171,44.1229553223,45.21828837303408,0.5207376389075203
2025-01-02 10:21:41.929674,2025-01-02 10:26:42.413865,2025-01-02 10:24:12.655212,0:05:00.484191,314,182.623672485,180.34753418,181.48052074651594,0.5488078029246735,111.361816406,109.37322998,110.2814582532707,0.5367359447092696,61.9962463379,60.1167831421,60.97681298225318,0.4541669431245152,46.0155258179,44.1086235046,45.003949499430895,0.4547751601823251
2025-01-02 10:26:43.377478,2025-01-02 10:31:43.857908,2025-01-02 10:29:14.097232,0:05:00.480430,314,182.537506104,180.334411621,181.46384220971976,0.49189798160892256,111.464279175,109.177490234,110.24565207121658,0.5066732487481815,62.1405563354,60.0491638184,60.98843846655063,0.473882145741809,46.1039657593,43.8605651855,44.96131481486465,0.46817863745542965
2025-01-02 10:31:44.821778,2025-01-02 10:36:45.300844,2025-01-02 10:34:15.541628,0:05:00.479066,314,182.263839722,180.138458252,181.17963370548725,0.5552088049827677,111.210838318,109.045799255,110.03058356994586,0.5389621661980105,61.7816162109,59.7795829773,60.77023890064299,0.4583456777481474,45.8172073364,43.7662887573,44.8485327313672,0.47868590717692505
2025-01-02 10:36:46.264750,2025-01-02 10:41:46.750101,2025-01-02 10:39:16.986841,0:05:00.485351,314,182.119537354,180.119689941,180.99311532185985,0.47848678464172,111.114807129,108.996780396,109.86559725719746,0.48968216906077444,61.9159469604,59.9695243835,60.77322421712005,0.44956080291934025,45.9061508179,43.8718070984,44.85311062320669,0.4474962440517138
2025-01-02 10:41:47.708834,2025-01-02 10:46:48.192713,2025-01-02 10:44:18.431045,0:05:00.483879,314,181.892608643,178.86555481,180.29066773430253,0.6980966125276131,110.907546997,107.745140076,109.21229842359554,0.6991825944409497,61.8683357239,59.2501106262,60.36680940761943,0.527156440551013,45.8138313293,43.3154373169,44.51175662969872,0.49253984181029453
2025-01-02 10:46:49.150783,2025-01-02 10:51:49.636573,2025-01-02 10:49:19.874420,0:05:00.485790,314,180.584747314,178.488677979,179.50917179571337,0.511995779920365,109.858985901,107.576026917,108.53345613416563,0.5016940112254845,61.0924682617,59.0717849731,59.935131826217834,0.42664209450597756,45.1960945129,43.0833930969,44.10620095319586,0.42457770278134954
2025-01-02 10:51:50.594721,2025-01-02 10:56:34.762229,2025-01-02 10:26:42.413865,0:04:44.167508,297,180.807220459,178.707733154,179.5256750447138,0.5134111179319288,109.837623596,107.783958435,108.50938649288553,0.5368962067045884,61.0961723328,59.1787948608,59.90106958974142,0.48376154569417584,45.2218933105,43.2658882141,44.13224561286532,0.4870531692954104
2025-01-02 11:01:35.878483,2025-01-02 11:06:36.500793,2025-01-02 11:04:06.733427,0:05:00.622310,314,181.232040405,178.883453369,180.0047132164172,0.6316735817307404,110.291061401,107.823791504,109.04142836549363,0.6119753970016613,61.3815193176,59.3589668274,60.28243113475127,0.495821010269745,45.6561203003,43.392906189,44.48263411309363,0.5366221678392936
2025-01-02 11:06:37.455676,2025-01-02 11:11:37.939405,2025-01-02 11:09:08.176485,0:05:00.483729,314,181.136688232,178.185699463,179.70838461713376,0.6837847646187415,110.136779785,107.214111328,108.77371108911146,0.655624100758376,61.28282547,58.9336738586,60.12002742062611,0.521123511897698,45.4350700378,43.2279548645,44.3377820519086,0.5135216830109611
2025-01-02 11:11:38.896150,2025-01-02 11:16:39.383516,2025-01-02 11:14:09.617444,0:05:00.487366,314,180.690353394,177.575866699,178.9977422337739,0.8258027800206393,109.700927734,106.85874939,108.19051521445859,0.753829356141526,61.0540885925,58.7070236206,59.79202236491179,0.5622734382751544,45.235168457,42.9588241577,44.07673216169777,0.5232282728295367
2025-01-02 11:16:40.340583,2025-01-02 11:21:40.823426,2025-01-02 11:19:11.065064,0:05:00.482843,314,179.834106445,177.473632812,178.52265808686624,0.6570125677904282,109.082618713,106.814559937,107.8651316211433,0.6348287833602192,60.835193634,58.6903305054,59.64146893495159,0.5057468220893567,45.051990509,42.9675788879,43.976073963629624,0.4741613303335273
2025-01-02 11:21:41.786004,2025-01-02 11:26:42.267837,2025-01-02 11:24:12.506119,0:05:00.481833,314,179.599884033,177.178222656,178.26253417189807,0.6187848870550352,108.943992615,106.664993286,107.59220444018152,0.5934249245371104,60.6388473511,58.5161209106,59.45997283109586,0.4893867071790596,45.078918457,42.7864875793,43.828939632247135,0.4889718763926078
2025-01-02 11:26:43.232339,2025-01-02 11:31:43.715321,2025-01-02 11:29:13.949187,0:05:00.482982,314,179.453201294,176.976364136,178.0008169283694,0.6226839201925213,108.804702759,106.298683167,107.39488956424523,0.6010033476935597,60.5555915833,58.4851570129,59.32727336275828,0.4989508188517103,44.8734970093,42.7326774597,43.73507120654617,0.4873603594237851
2025-01-02 11:31:44.672582,2025-01-02 11:36:45.159442,2025-01-02 11:34:15.395645,0:05:00.486860,314,179.099945068,176.191482544,177.726680634121,0.6531856564195255,108.544326782,105.67124176,107.09815753038536,0.6198558511395135,60.353729248,58.0962715149,59.13854530965861,0.5140459130450489,44.7442207336,42.4623603821,43.604634436831844,0.5183525523151357
2025-01-02 11:36:46.116636,2025-01-02 11:41:46.601804,2025-01-02 11:39:16.838927,0:05:00.485168,314,178.513961792,175.59336853,176.89762309859555,0.6879659508297687,108.131752014,105.061378479,106.40712186487897,0.6372701438190838,60.0927658081,57.7470817566,58.75016191810573,0.494144674371548,44.6337051392,42.2549972534,43.326523373840764,0.5004886435441415
2025-01-02 11:41:47.559734,2025-01-02 11:46:48.043195,2025-01-02 11:44:18.284821,0:05:00.483461,314,178.347503662,176.097579956,177.12500388759236,0.5454692120913931,108.095497131,105.713821411,106.61951883888216,0.5630388228004547,60.2067337036,58.0010375977,58.8784964251688,0.49326950326215985,44.628578186,42.3833198547,43.39068723787962,0.5082062131808532
2025-01-02 11:46:49.007969,2025-01-02 11:51:49.487583,2025-01-02 11:49:19.725727,0:05:00.479614,314,178.658889771,176.330215454,177.53302483040449,0.5946299800521544,108.268577576,106.031616211,106.99712094835668,0.5801926242190482,60.2045898438,58.3546257019,59.11206614743185,0.4760362207746105,44.7436943054,42.5878677368,43.64644037234522,0.4846521216800058
2025-01-02 11:51:50.450808,2025-01-02 11:56:34.611281,2025-01-02 11:26:42.267837,0:04:44.160473,297,178.868682861,176.251144409,177.46647284407405,0.6773545823811983,108.19367981,105.632492065,106.8294410063367,0.6710418268991476,60.2274475098,57.9854125977,58.97822989518519,0.5496022057723957,44.7183036804,42.2855224609,43.44059406627475,0.5730205151476153
2025-01-02 14:01:36.495194,2025-01-02 14:06:37.068205,2025-01-02 14:04:07.305026,0:05:00.573011,314,181.985046387,178.244171143,180.3447667504586,0.7791271315548322,111.438865662,107.851829529,109.7940655848153,0.7295733084606203,62.1399154663,59.4027900696,60.80037641828853,0.5535241801236722,46.1270637512,42.9383735657,44.86485630691242,0.5899324917696696
2025-01-02 14:06:38.023575,2025-01-02 14:11:38.511791,2025-01-02 14:09:08.745187,0:05:00.488216,314,182.799255371,180.505767822,181.55737173478983,0.5833911528741992,112.182937622,109.980873108,110.9123975911847,0.5504861391788716,62.6924057007,60.6655807495,61.53465947679586,0.46770898212093326,46.5562019348,44.293006897,45.40160905631529,0.517332536528471
2025-01-02 14:11:39.473049,2025-01-02 14:16:39.952268,2025-01-02 14:14:10.192493,0:05:00.479219,314,183.141143799,179.418228149,181.6012335127293,0.8897202129588804,112.484901428,109.030090332,111.03025647790128,0.8128272403427953,62.8539848328,60.0910758972,61.603742332213066,0.6005713812950052,46.6083679199,43.7972717285,45.428528305831215,0.6055478328305478
2025-01-02 14:16:40.915862,2025-01-02 14:21:41.400630,2025-01-02 14:19:11.635174,0:05:00.484768,314,182.791244507,178.221328735,180.4193964672898,1.0465133306197185,111.977638245,107.944747925,109.9515080786242,0.9244775219642604,62.3779907227,59.5526504517,60.989946268171025,0.6391786139261766,46.1687088013,43.6116409302,44.97359249090892,0.6089680506425907
2025-01-02 14:21:42.358498,2025-01-02 14:26:42.844176,2025-01-02 14:24:13.079490,0:05:00.485678,314,181.128875732,176.944976807,178.92875569336627,0.9553351489843661,110.694503784,106.897781372,108.6564178466624,0.8531025519346157,61.5689506531,58.9189758301,60.16624036412388,0.6022557827591268,45.9137458801,43.1242294312,44.44452641724427,0.5929988851922681
2025-01-02 14:26:43.802152,2025-01-02 14:31:44.283103,2025-01-02 14:29:14.522374,0:05:00.480951,314,179.539825439,175.703567505,178.13368390322614,0.9109986256445762,109.369102478,105.836387634,107.98133390871656,0.8024008681875723,60.9813308716,58.4258956909,59.767081048078666,0.5830886876382546,45.2292404175,42.6344985962,44.07139491427421,0.5928421374030993
2025-01-02 14:31:45.245225,2025-01-02 14:36:45.727894,2025-01-02 14:34:15.970595,0:05:00.482669,314,179.198364258,173.816619873,176.41457157985352,1.3317677773478351,108.896011353,104.081619263,106.48146037692038,1.1371003146943444,60.5214614868,57.3448410034,58.93786255417421,0.747804819764164,44.8059463501,41.8901252747,43.46778169862739,0.6456846415376961
2025-01-02 14:36:46.690861,2025-01-02 14:41:47.175814,2025-01-02 14:39:17.411973,0:05:00.484953,314,176.782333374,173.060562134,174.74454391381846,0.9398361378948951,106.571876526,103.571304321,105.05133989663695,0.7671975457268222,59.240978241,56.9003601074,58.07575285358726,0.5379833721105852,44.0041389465,41.4868850708,42.849402798210505,0.5797297129820814
2025-01-02 14:41:48.132693,2025-01-02 14:46:48.615529,2025-01-02 14:44:18.857866,0:05:00.482836,314,175.384674072,171.968139648,173.80783260856688,0.8866488571775298,105.730880737,102.720092773,104.3344616738121,0.7127274392511745,58.6749076843,56.4066886902,57.673435174735985,0.516042738303403,43.8062133789,41.1351928711,42.58286361937293,0.6007195904683508
2025-01-02 14:46:49.577457,2025-01-02 14:51:50.062341,2025-01-02 14:49:20.297971,0:05:00.484884,314,174.537231445,170.428543091,172.98407623872612,0.9804158839533109,105.023513794,101.621871948,103.78938198697452,0.7929892975948345,58.4759216309,55.9589424133,57.388392588136306,0.5586076925737318,43.6338691711,40.6908798218,42.400273438468794,0.6636823373138946
2025-01-02 14:51:51.024808,2025-01-02 14:56:35.189968,2025-01-02 14:26:42.844176,0:04:44.165160,297,173.695236206,167.134521484,170.59409817781818,1.8815425890276845,104.413673401,98.818862915,101.79845518376835,1.558553851315479,58.0278244019,54.3340644836,56.22597842746296,0.9830983868668746,43.2464904785,39.3821411133,41.4053607645266,1.022802334440307
