T_mid,T0_ave,T1_ave,T2_ave,T3_ave
2025-01-02 01:11:49.953715,161.21514070033282,91.6553817152989,49.92610403299532,36.877421116826405
2025-01-02 01:22:04.359759,158.267104172725,89.40736975669907,48.78118433952375,36.06300365328859
2025-01-02 01:32:18.766506,155.94513592720313,87.6756383180622,47.82639192342922,35.37278109789078
2025-01-02 01:42:33.179346,155.02282350063905,87.10601066351047,47.55654270053047,35.22413736582125
2025-01-02 01:52:47.585208,154.12797863485,86.54257918596156,47.29815559983281,35.111465388538434
2025-01-02 01:56:36.065059,153.7451712343488,86.26798562442563,47.13757019683571,34.953416471722264
2025-01-02 02:11:49.714923,152.559507536875,85.51073367595812,46.79731488227891,34.65590224266157
2025-01-02 02:22:04.121943,153.11079812048123,85.96465001106313,47.058977109192654,34.80882800221296
2025-01-02 02:32:18.530152,153.16275708676093,85.9873319387425,47.00053088068922,34.73864413500094
2025-01-02 02:42:32.939080,152.6965974092297,85.71537934541735,46.883658355475475,34.67507904172031
2025-01-02 02:52:47.345976,151.35214056968437,84.8204884171486,46.42356653213609,34.37575561404485
2025-01-02 02:56:35.827338,150.16440383529826,84.02325945942397,46.07042456875336,33.98252453523656
2025-01-02 03:11:49.522003,150.79724235534687,84.73884093761546,46.44095649123157,34.473142993450935
2025-01-02 03:22:03.929145,150.21825239659375,84.47222771644422,46.34844532012875,34.48367096185656
2025-01-02 03:32:18.338900,150.11021583080156,84.40966579913984,46.3379410564875,34.489534246919845
2025-01-02 03:42:32.746782,150.92299194334845,85.10219448804921,46.720668894054846,34.83994330167656
2025-01-02 03:52:47.152224,152.97059926988283,86.6422480702389,47.55316172838157,35.45269758701219
2025-01-02 03:56:35.633878,154.15201664774372,87.48787201953276,47.97723403097268,35.6182828790979
2025-01-02 05:11:49.376553,153.9279814004953,87.24750843048047,47.86362139582625,35.45967505574141
2025-01-02 05:22:03.781619,154.48623368739064,87.85014610290686,48.20993135571406,35.70379910468953
2025-01-02 05:32:18.192683,156.65747184753596,89.57804890871063,49.15844594240203,36.421165245772656
2025-01-02 05:42:32.599324,159.71407315729374,91.7269817590711,50.29181232452485,37.310418349504374
2025-01-02 05:52:47.008843,161.35957422256405,92.95683401822876,50.95270513296203,37.66551347970953
2025-01-02 05:56:35.486667,161.1805877685504,92.87999456069159,50.861172844384875,37.58543617184203
2025-01-02 06:11:49.183934,162.16132991311875,93.77193673849062,51.46445258855829,38.08953662514843
2025-01-02 06:22:03.590296,162.84885663985315,94.40437710285156,51.83762794137016,38.42143847346406
2025-01-02 06:32:17.997959,163.1366402149125,94.72469580173406,52.048250317574684,38.61873322129047
2025-01-02 06:42:32.405161,163.1294824123375,94.81245781183375,52.073968219755,38.68077840209047
2025-01-02 06:52:46.811653,163.83736112116875,95.39532033205235,52.39216529727078,38.878224837780465
2025-01-02 06:56:35.292223,164.15115106403783,95.6420391307147,52.51645617124706,38.88832882472395
2025-01-02 07:11:49.994491,164.7455226898109,96.13319203853546,52.84025853872437,39.185459303855936
2025-01-02 07:22:04.401091,164.1578992843625,95.72011480331469,52.65630729198391,39.08380370736031
2025-01-02 07:32:18.807651,161.77540252210315,94.10237221717844,51.77942900657531,38.45045652389656
2025-01-02 07:42:33.216689,158.36663434503595,91.74226411581094,50.50694203376813,37.675460314750936
2025-01-02 07:52:47.628171,158.50805473328282,91.91518788337672,50.65747645497172,37.7119393646725
2025-01-02 07:56:36.107427,160.46872422672692,93.25172340970084,51.37505270052227,38.10545442084496
2025-01-02 09:11:49.845875,172.89932615759218,102.9434149026844,56.72875661253626,42.040598392487496
2025-01-02 09:22:04.254304,173.31660504340783,103.28257684708282,56.91604828238312,42.19560432433891
2025-01-02 09:32:18.661090,175.91302926538594,105.49755330086093,58.20682919621563,43.078496658800475
2025-01-02 09:42:33.072135,179.25317378044062,108.3547243476,59.83953689932656,44.189749050139376
2025-01-02 09:52:47.479160,181.394074368475,110.21089320183594,60.90882877111562,44.981058669087965
2025-01-02 09:56:35.958766,182.0560820123025,110.72564383113864,61.18170773482395,45.07611749152269
2025-01-02 10:11:49.605609,182.29836046696565,110.98848946094843,61.3562351346025,45.25881694555359
2025-01-02 10:22:04.012832,182.08025152683595,110.78650171758125,61.25085499286579,45.262248033285154
2025-01-02 10:32:18.421514,181.45820777416247,110.25569728609688,60.97581207156047,44.971773827074685
2025-01-02 10:42:32.825329,181.07806844711405,109.94258297681407,60.776404643061404,44.85565060973156
2025-01-02 10:52:47.237632,179.7583132267047,108.73548971412342,60.06546797752501,44.24266487955781
2025-01-02 10:56:35.716201,179.57496784113027,108.55757490525629,59.92125315626639,44.14167319225588
2025-01-02 11:11:49.456134,179.86359329225,108.91286377904687,60.204280883072656,44.41232110857797
2025-01-02 11:22:03.867666,178.71419076919062,107.99126275777344,59.69686396717922,44.01767224073562
2025-01-02 11:32:18.271757,178.10904693603592,107.47149572371563,59.38228760361562,43.76606621146094
2025-01-02 11:42:32.680046,177.25428037643906,106.70186454059845,58.91144075989562,43.439519715309686
2025-01-02 11:52:47.087691,177.3883965730594,106.8579102516203,59.02716299891515,43.551061207055625
2025-01-02 11:56:35.571280,177.41934178455463,106.77840612715968,58.93492235456303,43.379743495911356
2025-01-02 13:11:49.261024,163.9099848747125,94.99992415905173,52.11460986733407,38.55220599174531
2025-01-02 13:22:03.673074,167.35113072395157,97.77787624597548,53.61844487190125,39.63798667192579
2025-01-02 13:32:18.080226,169.28636255263905,99.50217121840626,54.63557096719734,40.40571723580469
2025-01-02 13:42:32.488648,171.28443832397497,101.39640522003421,55.77834050059391,41.21400451660125
2025-01-02 13:52:47.324961,174.4539627552078,104.25776175262499,57.47359157800813,42.38619195818797
2025-01-02 13:56:34.850784,176.3773203660464,105.99389062551055,58.5043467429135,43.042366977481855
2025-01-02 14:11:50.027974,180.97676088808748,110.37680019141719,61.18134605884454,45.14245419502172
2025-01-02 14:22:04.439179,180.9226377248875,110.4160676717875,61.25134735703564,45.17106988430156
2025-01-02 14:32:18.845541,178.4336886406016,108.23626997468436,59.92364719510093,44.21898660659906
2025-01-02 14:42:33.256453,175.37998335360626,105.59616818429063,58.40135636925718,43.09009908437781
2025-01-02 14:52:47.661663,173.21331305504376,103.92404359579845,57.45828229785032,42.43317984938531
2025-01-02 14:56:36.145091,170.19690550473948,101.46281622237312,56.02408955678151,41.23266599959622
2025-01-02 15:11:49.884705,164.03218028546718,96.68477957248125,53.405515760185,39.488588440417345
2025-01-02 15:22:04.293822,157.28211863042503,91.77989014386984,50.75861134529172,37.5895420491686
2025-01-02 15:32:18.701331,149.240386986725,86.67396939992985,48.201885634661565,35.83578603863766
2025-01-02 15:42:33.106663,146.84938223359532,85.55051684379642,47.77329570055109,35.592291700839226
2025-01-02 15:52:47.519884,136.49955492021405,78.55169770717688,44.10992032885578,33.01705462634516
2025-01-02 15:56:35.998458,130.84724259580253,74.68191685395884,42.052647678793285,31.47074395668529
2025-01-02 17:11:49.694199,143.3848428249375,82.8541492581375,46.2195209980011,34.2923814713964
2025-01-02 17:22:04.100654,147.95048346519064,86.028874254225,47.87815132141016,35.48053050041156
2025-01-02 17:32:18.508831,150.45758953093906,87.82709410190407,48.85680921077672,36.270009613036876
2025-01-02 17:42:32.918718,153.6275018692047,90.19024703502654,50.22334685921625,37.360497963427655
2025-01-02 17:52:47.323194,155.16632637977347,91.44265674352593,50.982461100816714,37.87089961171078
2025-01-02 17:56:35.806436,155.11869978700423,91.50268570715842,50.99089242631008,37.87594287134958
2025-01-02 18:11:49.500525,154.31521563530157,90.93468974828595,50.688614785669685,37.69379748702156
2025-01-02 18:22:03.907337,152.93705663680313,89.87775343656313,50.10003099441531,37.19007485508953
2025-01-02 18:32:18.313064,152.08444087507655,89.34842512607625,49.83515023589,36.97957126498063
2025-01-02 18:42:32.725569,150.31677801609376,88.11781290769609,49.20612223744578,36.60939320921906
2025-01-02 18:52:47.134465,147.91121709345938,86.42174794673906,48.26919043064078,35.92072519660172
2025-01-02 18:56:35.611916,147.5293609234748,86.15257901103823,48.15600515413529,35.84222179701345
2025-01-02 19:11:49.307608,147.48063194750938,86.08616847991907,48.10512075424204,35.82737564444359
2025-01-02 19:22:03.714509,147.81236007214846,86.43146735429796,48.33842741847,36.06292543411156
2025-01-02 19:32:18.122135,147.96026039123126,86.63582389354859,48.541420620679844,36.29734065532578
2025-01-02 19:42:32.532006,146.85807206630312,85.7884218096736,47.989122569561715,35.8580183386786
2025-01-02 19:52:46.940224,143.27416982651408,83.10814716816203,46.46192780732984,34.75789205431984
2025-01-02 19:56:35.420871,141.59920835092436,81.84571024149665,45.779436079393705,34.25031149086597
2025-01-02 21:11:50.075462,148.15017337798906,86.01356714964,47.852100795508285,35.75394791960719
2025-01-02 21:22:04.483320,153.36028776168283,89.62729768753016,49.71301198005781,36.984348976612814
2025-01-02 21:32:18.891572,156.20899994374219,91.74517645836093,50.85694560408625,37.8354170322414
2025-01-02 21:42:33.302641,158.7661773204703,93.61458941698017,51.90432035923063,38.552020001412345
2025-01-02 21:52:47.708932,161.7808515787172,95.97015733718719,53.21868073940453,39.56000407338
2025-01-02 21:56:36.190952,163.17878415403362,97.10463057446007,53.911370798318075,40.02175465752016
2025-01-02 22:11:49.883288,163.88753864764377,97.74958124160797,54.29413170218297,40.41848810911188
2025-01-02 22:22:04.292448,165.02577960490626,98.60240341424671,54.72495290637047,40.67129031419781
2025-01-02 22:32:18.698654,166.31633474826717,99.63127113581297,55.361694824695476,41.12410005926828
2025-01-02 22:42:33.107077,167.31999170778903,100.55666249990968,55.963289272785936,41.69070748090797
2025-01-02 22:52:47.519529,166.61408224107186,99.90512681007125,55.48379175066843,41.23027996420891
2025-01-02 22:56:35.999357,166.36518725228987,99.7149165177626,55.33917337305379,41.08894240756051
